sample_id,fold,target,prediction,survey_year,sensor
madagascar_1997_1,0,18.980331,37.256474,1997,landsat
madagascar_1997_10,0,18.96606,35.241962,1997,landsat
madagascar_1997_11,0,13.652827,36.702904,1997,landsat
madagascar_1997_12,0,31.284912,40.43794,1997,landsat
madagascar_1997_17,0,31.946564,40.793797,1997,landsat
madagascar_1997_18,0,39.0378,42.544025,1997,landsat
madagascar_1997_20,0,31.3062,40.425724,1997,landsat
madagascar_1997_21,0,35.623993,41.07723,1997,landsat
madagascar_1997_24,0,33.028618,28.96564,1997,landsat
madagascar_1997_27,0,71.24189,39.738552,1997,landsat
madagascar_1997_28,0,46.50519,43.44608,1997,landsat
madagascar_1997_31,0,38.43896,44.836823,1997,landsat
madagascar_1997_34,0,47.430805,35.321735,1997,landsat
madagascar_1997_35,0,45.973637,42.16688,1997,landsat
madagascar_1997_37,0,44.18297,26.368212,1997,landsat
madagascar_1997_44,0,40.798077,40.281193,1997,landsat
madagascar_1997_61,0,29.832138,18.801676,1997,landsat
madagascar_1997_64,0,11.84939,14.550174,1997,landsat
madagascar_1997_78,0,12.0710335,18.518122,1997,landsat
madagascar_1997_80,0,12.378126,16.768686,1997,landsat
madagascar_1997_102,0,11.520562,16.288504,1997,landsat
madagascar_1997_105,0,10.205248,18.163858,1997,landsat
madagascar_1997_116,0,10.793936,17.527342,1997,landsat
madagascar_1997_118,0,8.714252,15.709168,1997,landsat
madagascar_1997_120,0,10.584053,17.821827,1997,landsat
madagascar_1997_121,0,12.41152,17.71108,1997,landsat
madagascar_1997_123,0,36.56632,33.178097,1997,landsat
madagascar_1997_127,0,39.515354,25.827372,1997,landsat
madagascar_1997_128,0,12.973097,17.008127,1997,landsat
madagascar_1997_129,0,22.988617,16.544949,1997,landsat
madagascar_1997_131,0,13.222382,18.219568,1997,landsat
madagascar_1997_133,0,13.465709,19.457838,1997,landsat
madagascar_1997_136,0,13.793769,18.37697,1997,landsat
madagascar_1997_139,0,11.925253,16.759384,1997,landsat
madagascar_1997_142,0,10.676536,19.059761,1997,landsat
madagascar_1997_169,0,26.906069,18.210152,1997,landsat
madagascar_1997_178,0,8.375147,16.227644,1997,landsat
madagascar_1997_181,0,9.753796,15.347718,1997,landsat
madagascar_1997_183,0,9.199491,15.111507,1997,landsat
madagascar_1997_190,0,11.245006,14.364608,1997,landsat
madagascar_1997_193,0,8.507103,20.451784,1997,landsat
madagascar_1997_198,0,30.617008,31.06491,1997,landsat
madagascar_1997_214,0,10.198196,19.246222,1997,landsat
madagascar_1997_215,0,9.465688,15.781422,1997,landsat
madagascar_1997_220,0,10.087695,18.995646,1997,landsat
madagascar_1997_226,0,12.291191,18.93841,1997,landsat
madagascar_1997_241,0,13.794421,16.729725,1997,landsat
madagascar_1997_244,0,19.067017,20.030094,1997,landsat
madagascar_1997_246,0,11.987184,19.817398,1997,landsat
madagascar_1997_247,0,12.286939,25.971935,1997,landsat
madagascar_1997_251,0,13.558306,17.531225,1997,landsat
madagascar_1997_254,0,11.580182,19.653154,1997,landsat
madagascar_1997_255,0,10.7871275,19.10621,1997,landsat
madagascar_1997_263,0,12.410274,20.10882,1997,landsat
madagascar_2008_1,0,36.965736,47.20639,2008,landsat
madagascar_2008_3,0,39.91204,55.464382,2008,landsat
madagascar_2008_5,0,44.521187,48.868114,2008,landsat
madagascar_2008_19,0,44.04438,64.709496,2008,landsat
madagascar_2008_24,0,63.461548,56.73694,2008,landsat
madagascar_2008_33,0,58.81848,45.554264,2008,landsat
madagascar_2008_37,0,64.410446,50.43597,2008,landsat
madagascar_2008_40,0,49.65921,66.70625,2008,landsat
madagascar_2008_43,0,51.834854,48.337353,2008,landsat
madagascar_2008_48,0,42.906654,41.713238,2008,landsat
madagascar_2008_53,0,70.173744,46.327812,2008,landsat
madagascar_2008_55,0,18.711454,21.571772,2008,landsat
madagascar_2008_70,0,47.639046,42.241604,2008,landsat
madagascar_2008_80,0,24.213814,35.438976,2008,landsat
madagascar_2008_81,0,29.829288,22.39797,2008,landsat
madagascar_2009_84,0,10.009084,16.923786,2009,landsat
madagascar_2009_89,0,13.331103,15.381607,2009,landsat
madagascar_2009_92,0,11.286791,18.361805,2009,landsat
madagascar_2009_99,0,16.021694,17.768362,2009,landsat
madagascar_2008_112,0,46.50493,26.311644,2008,landsat
madagascar_2008_114,0,17.388494,17.44168,2008,landsat
madagascar_2008_147,0,20.288385,17.15668,2008,landsat
madagascar_2008_148,0,15.305611,17.540009,2008,landsat
madagascar_2009_162,0,11.041789,21.129969,2009,landsat
madagascar_2009_168,0,21.877844,22.697445,2009,landsat
madagascar_2009_173,0,15.198743,22.947538,2009,landsat
madagascar_2009_200,0,4.88031,18.227652,2009,landsat
madagascar_2009_202,0,14.079452,17.354986,2009,landsat
madagascar_2009_206,0,14.281131,18.20718,2009,landsat
madagascar_2008_207,0,16.579699,17.730211,2008,landsat
madagascar_2009_217,0,17.234768,18.450544,2009,landsat
madagascar_2009_218,0,16.303873,18.010544,2009,landsat
madagascar_2009_227,0,27.33344,38.142952,2009,landsat
madagascar_2009_228,0,27.986393,29.624968,2009,landsat
madagascar_2009_230,0,20.808975,18.325289,2009,landsat
madagascar_2009_238,0,22.85566,13.972118,2009,landsat
madagascar_2009_244,0,16.059607,19.191147,2009,landsat
madagascar_2008_250,0,9.649484,20.533283,2008,landsat
madagascar_2009_251,0,22.161133,33.367283,2009,landsat
madagascar_2009_253,0,18.889008,15.601157,2009,landsat
madagascar_2009_260,0,10.81358,15.177691,2009,landsat
madagascar_2009_264,0,23.18074,15.639825,2009,landsat
madagascar_2008_270,0,12.993281,18.001287,2008,landsat
madagascar_2009_280,0,47.966805,37.820698,2009,landsat
madagascar_2009_283,0,32.61517,17.747454,2009,landsat
madagascar_2009_285,0,18.44399,17.493618,2009,landsat
madagascar_2009_299,0,11.325403,17.845842,2009,landsat
madagascar_2008_303,0,17.591473,20.485659,2008,landsat
madagascar_2008_305,0,14.564573,16.245508,2008,landsat
madagascar_2009_307,0,17.598152,19.313738,2009,landsat
madagascar_2009_315,0,13.687945,18.315554,2009,landsat
madagascar_2009_321,0,14.362194,18.513666,2009,landsat
madagascar_2009_323,0,25.572823,24.1686,2009,landsat
madagascar_2009_325,0,11.765766,22.059914,2009,landsat
madagascar_2009_328,0,20.10683,20.821611,2009,landsat
madagascar_2009_330,0,33.61609,19.419897,2009,landsat
madagascar_2009_336,0,18.947227,31.13308,2009,landsat
madagascar_2009_337,0,17.806868,16.038057,2009,landsat
madagascar_2009_340,0,23.01147,25.37866,2009,landsat
madagascar_2009_341,0,20.343891,16.76798,2009,landsat
madagascar_2009_349,0,17.166449,17.496868,2009,landsat
madagascar_2008_373,0,21.195704,15.08332,2008,landsat
madagascar_2009_380,0,44.229362,19.299747,2009,landsat
madagascar_2009_381,0,20.96687,9.969752,2009,landsat
madagascar_2009_388,0,54.402126,17.568819,2009,landsat
madagascar_2009_392,0,18.510746,18.952656,2009,landsat
madagascar_2008_421,0,16.850946,17.462706,2008,landsat
madagascar_2009_427,0,13.631781,13.504214,2009,landsat
madagascar_2009_434,0,7.167348,17.56065,2009,landsat
madagascar_2009_444,0,16.110981,13.118384,2009,landsat
madagascar_2009_445,0,5.967714,12.145742,2009,landsat
madagascar_2009_454,0,35.33297,48.96494,2009,landsat
madagascar_2009_462,0,18.463968,18.606314,2009,landsat
madagascar_2009_470,0,16.65798,19.54795,2009,landsat
madagascar_2009_473,0,19.116497,17.631191,2009,landsat
madagascar_2009_495,0,18.432201,18.897198,2009,landsat
madagascar_2009_497,0,15.965236,20.451525,2009,landsat
madagascar_2009_500,0,20.05336,18.268023,2009,landsat
madagascar_2009_503,0,43.197247,36.27872,2009,landsat
madagascar_2009_506,0,16.920784,19.57142,2009,landsat
madagascar_2009_511,0,19.234356,12.865655,2009,landsat
madagascar_2008_516,0,12.975577,17.273544,2008,landsat
madagascar_2009_525,0,18.648035,15.732983,2009,landsat
madagascar_2009_530,0,45.44569,35.398975,2009,landsat
madagascar_2009_534,0,18.322197,12.686753,2009,landsat
madagascar_2009_536,0,39.138702,16.42975,2009,landsat
madagascar_2009_538,0,19.305614,16.236979,2009,landsat
madagascar_2009_540,0,19.194883,17.988203,2009,landsat
madagascar_2009_543,0,13.967013,28.65891,2009,landsat
madagascar_2009_549,0,26.642464,18.441988,2009,landsat
madagascar_2009_551,0,15.467115,25.98416,2009,landsat
madagascar_2009_556,0,42.846745,51.567745,2009,landsat
madagascar_2009_564,0,16.426619,18.808132,2009,landsat
madagascar_2009_575,0,12.546299,20.615158,2009,landsat
madagascar_2009_578,0,14.15414,22.62657,2009,landsat
madagascar_2009_580,0,11.217034,13.24826,2009,landsat
madagascar_2009_581,0,12.48206,17.904993,2009,landsat
madagascar_2008_582,0,13.581757,16.78149,2008,landsat
madagascar_2009_587,0,11.836968,22.018026,2009,landsat
madagascar_2009_588,0,12.314251,17.432732,2009,landsat
madagascar_2009_589,0,17.643112,17.067663,2009,landsat
madagascar_2008_593,0,20.032663,23.48945,2008,landsat
madagascar_2009_599,0,13.049131,17.752403,2009,landsat
madagascar_2009_600,0,11.9307,15.513085,2009,landsat
madagascar_2011_24,0,29.058002,15.731004,2011,landsat
madagascar_2011_25,0,21.857994,17.047787,2011,landsat
madagascar_2011_47,0,20.80178,29.25263,2011,landsat
madagascar_2011_49,0,38.388096,26.357847,2011,landsat
madagascar_2011_73,0,15.102045,17.206041,2011,landsat
madagascar_2011_76,0,42.62564,18.547688,2011,landsat
madagascar_2011_77,0,16.040756,18.343145,2011,landsat
madagascar_2011_79,0,14.499801,19.414974,2011,landsat
madagascar_2011_85,0,16.936485,16.895649,2011,landsat
madagascar_2011_98,0,44.79024,16.862762,2011,landsat
madagascar_2011_103,0,15.231579,18.090395,2011,landsat
madagascar_2011_113,0,24.20659,19.81782,2011,landsat
madagascar_2011_115,0,24.652359,17.808893,2011,landsat
madagascar_2011_120,0,58.04987,27.899849,2011,landsat
madagascar_2011_123,0,17.946438,20.44751,2011,landsat
madagascar_2011_126,0,18.0846,22.997143,2011,landsat
madagascar_2011_127,0,10.894232,18.44087,2011,landsat
madagascar_2011_128,0,48.273888,17.260122,2011,landsat
madagascar_2011_145,0,11.732932,17.56745,2011,landsat
madagascar_2011_146,0,11.060892,18.198616,2011,landsat
madagascar_2011_148,0,44.856033,47.332127,2011,landsat
madagascar_2011_149,0,9.420048,18.052359,2011,landsat
madagascar_2011_153,0,13.417746,16.708158,2011,landsat
madagascar_2011_154,0,14.660303,17.442772,2011,landsat
madagascar_2011_159,0,36.211304,38.08792,2011,landsat
madagascar_2011_161,0,41.72228,43.76174,2011,landsat
madagascar_2011_164,0,37.913082,17.116495,2011,landsat
madagascar_2011_175,0,4.965455,21.20098,2011,landsat
madagascar_2011_177,0,28.771347,12.261034,2011,landsat
madagascar_2011_186,0,12.1009,39.693455,2011,landsat
madagascar_2011_192,0,8.196405,48.321014,2011,landsat
madagascar_2011_201,0,10.838293,21.478739,2011,landsat
madagascar_2011_203,0,22.104607,16.794548,2011,landsat
madagascar_2011_214,0,10.376738,26.620508,2011,landsat
madagascar_2011_217,0,14.856506,20.500996,2011,landsat
madagascar_2011_222,0,10.833367,22.743277,2011,landsat
madagascar_2011_223,0,52.366875,36.348667,2011,landsat
madagascar_2011_227,0,7.6243825,30.85525,2011,landsat
madagascar_2011_238,0,11.850001,20.945637,2011,landsat
madagascar_2011_239,0,27.413252,31.614077,2011,landsat
madagascar_2011_240,0,15.62335,19.033937,2011,landsat
madagascar_2011_244,0,38.02946,18.588202,2011,landsat
madagascar_2011_248,0,19.84504,31.63148,2011,landsat
madagascar_2011_268,0,18.083662,18.897335,2011,landsat
madagascar_2013_5,0,23.929222,20.38129,2013,landsat
madagascar_2013_8,0,55.82477,44.605633,2013,landsat
madagascar_2013_9,0,30.21422,19.4684,2013,landsat
madagascar_2013_12,0,8.764524,17.770243,2013,landsat
madagascar_2013_18,0,24.588829,18.17273,2013,landsat
madagascar_2013_20,0,39.86394,27.940878,2013,landsat
madagascar_2013_27,0,37.388836,19.89683,2013,landsat
madagascar_2013_36,0,20.094612,17.182844,2013,landsat
madagascar_2013_48,0,28.253246,42.907337,2013,landsat
madagascar_2013_53,0,20.230421,18.200037,2013,landsat
madagascar_2013_65,0,16.219473,18.672825,2013,landsat
madagascar_2013_71,0,53.612507,38.052914,2013,landsat
madagascar_2013_78,0,18.03861,24.10172,2013,landsat
madagascar_2013_81,0,15.361831,18.535646,2013,landsat
madagascar_2013_82,0,15.477245,17.95152,2013,landsat
madagascar_2013_85,0,11.054918,18.644302,2013,landsat
madagascar_2013_96,0,26.352533,22.341684,2013,landsat
madagascar_2013_99,0,10.140554,21.993557,2013,landsat
madagascar_2013_101,0,13.631364,18.82675,2013,landsat
madagascar_2013_103,0,40.452717,36.928112,2013,landsat
madagascar_2013_113,0,12.381802,20.235392,2013,landsat
madagascar_2013_119,0,15.415633,27.403166,2013,landsat
madagascar_2013_122,0,48.005913,46.825497,2013,landsat
madagascar_2013_128,0,19.872297,17.758375,2013,landsat
madagascar_2013_136,0,21.110058,19.136877,2013,landsat
madagascar_2013_137,0,14.14183,18.59099,2013,landsat
madagascar_2013_142,0,76.471176,36.44176,2013,landsat
madagascar_2013_143,0,44.213078,34.749622,2013,landsat
madagascar_2013_149,0,23.883,24.23806,2013,landsat
madagascar_2013_151,0,16.262571,16.61344,2013,landsat
madagascar_2013_155,0,51.50729,19.107306,2013,landsat
madagascar_2013_157,0,15.319128,17.884502,2013,landsat
madagascar_2013_158,0,9.44411,24.082857,2013,landsat
madagascar_2013_161,0,8.61557,17.599104,2013,landsat
madagascar_2013_162,0,15.880521,25.03568,2013,landsat
madagascar_2013_163,0,14.28426,18.581635,2013,landsat
madagascar_2013_172,0,51.077934,40.96218,2013,landsat
madagascar_2013_174,0,31.76638,41.068386,2013,landsat
madagascar_2013_175,0,61.872883,38.6179,2013,landsat
madagascar_2013_180,0,9.775773,15.678945,2013,landsat
madagascar_2013_183,0,42.45206,24.623102,2013,landsat
madagascar_2013_188,0,14.907928,21.211658,2013,landsat
madagascar_2013_194,0,12.015303,18.102808,2013,landsat
madagascar_2013_201,0,11.86855,19.033361,2013,landsat
madagascar_2013_202,0,9.767429,19.37409,2013,landsat
madagascar_2013_206,0,12.739975,19.383432,2013,landsat
madagascar_2013_210,0,10.376502,15.859254,2013,landsat
madagascar_2013_211,0,9.778048,17.9517,2013,landsat
madagascar_2013_220,0,10.679137,17.402796,2013,landsat
madagascar_2013_221,0,10.809683,18.583845,2013,landsat
madagascar_2013_224,0,13.662784,17.822212,2013,landsat
madagascar_2013_225,0,30.0171,15.049085,2013,landsat
madagascar_2013_235,0,14.423406,16.4012,2013,landsat
madagascar_2013_237,0,45.482002,42.30091,2013,landsat
madagascar_2013_239,0,11.223478,19.248465,2013,landsat
madagascar_2013_242,0,42.875168,30.114084,2013,landsat
madagascar_2013_247,0,10.884709,38.270573,2013,landsat
madagascar_2013_259,0,14.099768,18.159943,2013,landsat
madagascar_2013_263,0,66.8389,47.44531,2013,landsat
madagascar_2013_264,0,63.147377,43.421726,2013,landsat
madagascar_2013_266,0,47.90049,15.028225,2013,landsat
madagascar_2013_268,0,12.78482,43.074192,2013,landsat
madagascar_2013_276,0,22.542862,15.888985,2013,landsat
madagascar_2013_281,0,16.114758,32.70734,2013,landsat
madagascar_2013_282,0,39.688663,19.254187,2013,landsat
madagascar_2016_8,0,12.748747,19.89435,2016,landsat
madagascar_2016_17,0,14.063294,27.425207,2016,landsat
madagascar_2016_20,0,9.280485,21.062628,2016,landsat
madagascar_2016_23,0,13.142902,15.525652,2016,landsat
madagascar_2016_46,0,15.558236,33.935993,2016,landsat
madagascar_2016_52,0,15.589906,18.573732,2016,landsat
madagascar_2016_57,0,22.494993,19.948809,2016,landsat
madagascar_2016_60,0,15.806812,18.93561,2016,landsat
madagascar_2016_62,0,26.208014,18.728388,2016,landsat
madagascar_2016_63,0,19.223566,20.916193,2016,landsat
madagascar_2016_69,0,24.702333,23.094099,2016,landsat
madagascar_2016_78,0,24.7971,19.330305,2016,landsat
madagascar_2016_89,0,16.131216,18.10563,2016,landsat
madagascar_2016_103,0,39.47775,41.072178,2016,landsat
madagascar_2016_104,0,17.808168,17.139261,2016,landsat
madagascar_2016_107,0,17.34454,18.03655,2016,landsat
madagascar_2016_111,0,13.489979,15.100776,2016,landsat
madagascar_2016_118,0,19.297909,19.77875,2016,landsat
madagascar_2016_120,0,13.38722,16.571985,2016,landsat
madagascar_2016_125,0,13.137141,15.782305,2016,landsat
madagascar_2016_137,0,12.319273,15.587317,2016,landsat
madagascar_2016_139,0,11.838432,26.633593,2016,landsat
madagascar_2016_151,0,18.137295,20.89445,2016,landsat
madagascar_2016_157,0,10.081163,17.094458,2016,landsat
madagascar_2016_161,0,35.384827,21.112703,2016,landsat
madagascar_2016_163,0,12.034848,17.870674,2016,landsat
madagascar_2016_171,0,23.23439,21.753372,2016,landsat
madagascar_2016_173,0,49.31721,48.661663,2016,landsat
madagascar_2016_177,0,13.446709,19.004736,2016,landsat
madagascar_2016_178,0,37.215218,44.127266,2016,landsat
madagascar_2016_180,0,12.225358,18.834288,2016,landsat
madagascar_2016_185,0,11.988091,17.842215,2016,landsat
madagascar_2016_206,0,12.130071,15.342301,2016,landsat
madagascar_2016_213,0,34.15193,32.222164,2016,landsat
madagascar_2016_222,0,10.148101,18.14256,2016,landsat
madagascar_2016_224,0,12.61578,16.951265,2016,landsat
madagascar_2016_229,0,7.4814305,18.46217,2016,landsat
madagascar_2016_232,0,9.640038,18.643938,2016,landsat
madagascar_2016_234,0,5.0107546,20.370295,2016,landsat
madagascar_2016_236,0,34.081657,28.901964,2016,landsat
madagascar_2016_242,0,20.773125,31.097006,2016,landsat
madagascar_2016_249,0,16.36572,19.960913,2016,landsat
madagascar_2016_252,0,13.930273,22.917727,2016,landsat
madagascar_2016_255,0,18.2258,18.873724,2016,landsat
madagascar_2016_265,0,45.391544,36.143505,2016,landsat
madagascar_2016_266,0,52.825306,40.2802,2016,landsat
madagascar_2016_273,0,48.901882,41.740467,2016,landsat
madagascar_2016_276,0,6.776492,19.440943,2016,landsat
madagascar_2016_277,0,5.7145886,18.232931,2016,landsat
madagascar_2016_278,0,12.603429,17.425474,2016,landsat
madagascar_2016_283,0,8.07873,18.247719,2016,landsat
madagascar_2016_291,0,8.511148,20.349289,2016,landsat
madagascar_2016_295,0,16.723652,14.905618,2016,landsat
madagascar_2016_296,0,10.384126,18.409597,2016,landsat
madagascar_2016_313,0,29.196753,28.01455,2016,landsat
madagascar_2016_314,0,14.669029,15.7863,2016,landsat
madagascar_2016_319,0,10.81138,17.235168,2016,landsat
madagascar_2016_326,0,16.288963,16.637,2016,landsat
madagascar_2016_331,0,40.3982,27.71745,2016,landsat
madagascar_2016_337,0,19.27063,20.875198,2016,landsat
madagascar_2016_349,0,42.736004,44.409245,2016,landsat
madagascar_2016_354,0,54.774513,33.368813,2016,landsat
madagascar_2016_356,0,48.758404,38.584232,2016,landsat
madagascar_2016_357,0,19.680565,20.250166,2016,landsat
madagascar_2016_363,0,23.78189,18.82159,2016,landsat
madagascar_2021_4,0,50.050026,47.772625,2021,landsat
madagascar_2021_7,0,56.825512,46.418835,2021,landsat
madagascar_2021_12,0,58.782177,52.307545,2021,landsat
madagascar_2021_25,0,44.41879,57.12439,2021,landsat
madagascar_2021_29,0,54.760025,47.39301,2021,landsat
madagascar_2021_36,0,50.536106,62.016247,2021,landsat
madagascar_2021_42,0,47.719044,58.019894,2021,landsat
madagascar_2021_44,0,48.6286,42.73589,2021,landsat
madagascar_2021_51,0,21.165495,18.679575,2021,landsat
madagascar_2021_56,0,57.718613,48.36771,2021,landsat
madagascar_2021_57,0,49.514816,58.34217,2021,landsat
madagascar_2021_61,0,40.394787,18.421228,2021,landsat
madagascar_2021_62,0,45.186428,40.99035,2021,landsat
madagascar_2021_65,0,44.888317,36.13917,2021,landsat
madagascar_2021_86,0,17.35172,20.464525,2021,landsat
madagascar_2021_97,0,19.233137,17.315681,2021,landsat
madagascar_2021_115,0,27.143906,23.710712,2021,landsat
madagascar_2021_121,0,23.26646,26.042376,2021,landsat
madagascar_2021_123,0,16.252127,23.017677,2021,landsat
madagascar_2021_127,0,20.61434,29.606836,2021,landsat
madagascar_2021_129,0,24.57158,23.385536,2021,landsat
madagascar_2021_133,0,40.291733,41.933697,2021,landsat
madagascar_2021_135,0,49.733677,42.069576,2021,landsat
madagascar_2021_138,0,27.011238,17.715075,2021,landsat
madagascar_2021_139,0,33.8546,18.450583,2021,landsat
madagascar_2021_143,0,27.38004,18.995905,2021,landsat
madagascar_2021_145,0,38.128498,25.284313,2021,landsat
madagascar_2021_150,0,32.130177,18.438684,2021,landsat
madagascar_2021_156,0,21.464128,18.151178,2021,landsat
madagascar_2021_159,0,21.2146,19.504614,2021,landsat
madagascar_2021_160,0,20.431246,21.079123,2021,landsat
madagascar_2021_171,0,16.515032,19.177397,2021,landsat
madagascar_2021_173,0,27.019262,19.941456,2021,landsat
madagascar_2021_177,0,26.743961,21.459726,2021,landsat
madagascar_2021_178,0,27.637175,23.114588,2021,landsat
madagascar_2021_182,0,30.014772,18.953745,2021,landsat
madagascar_2021_186,0,41.04294,41.68797,2021,landsat
madagascar_2021_194,0,27.82742,16.967957,2021,landsat
madagascar_2021_195,0,21.234518,17.140657,2021,landsat
madagascar_2021_208,0,23.131445,20.453451,2021,landsat
madagascar_2021_211,0,19.973364,25.490824,2021,landsat
madagascar_2021_214,0,47.242332,46.234478,2021,landsat
madagascar_2021_228,0,13.606157,18.25173,2021,landsat
madagascar_2021_231,0,15.336981,18.68936,2021,landsat
madagascar_2021_236,0,16.394484,17.720957,2021,landsat
madagascar_2021_238,0,13.856607,18.493307,2021,landsat
madagascar_2021_239,0,14.731508,18.19501,2021,landsat
madagascar_2021_243,0,55.053772,40.84541,2021,landsat
madagascar_2021_252,0,19.024363,15.006414,2021,landsat
madagascar_2021_254,0,18.079634,17.70482,2021,landsat
madagascar_2021_255,0,26.896334,17.848206,2021,landsat
madagascar_2021_256,0,36.186108,19.482225,2021,landsat
madagascar_2021_258,0,20.33132,21.575266,2021,landsat
madagascar_2021_259,0,25.440125,20.293652,2021,landsat
madagascar_2021_273,0,17.503351,19.083433,2021,landsat
madagascar_2021_279,0,38.818745,15.234947,2021,landsat
madagascar_2021_284,0,21.980024,25.504705,2021,landsat
madagascar_2021_287,0,18.48027,29.97943,2021,landsat
madagascar_2021_289,0,17.922834,15.729859,2021,landsat
madagascar_2021_292,0,10.5258465,14.334266,2021,landsat
madagascar_2021_303,0,16.322277,19.137262,2021,landsat
madagascar_2021_315,0,16.41662,16.541224,2021,landsat
madagascar_2021_323,0,26.433735,19.621853,2021,landsat
madagascar_2021_326,0,32.736374,23.241924,2021,landsat
madagascar_2021_328,0,34.65325,33.5769,2021,landsat
madagascar_2021_330,0,21.333563,19.126802,2021,landsat
madagascar_2021_333,0,59.131386,39.407448,2021,landsat
madagascar_2021_334,0,29.226791,19.32056,2021,landsat
madagascar_2021_342,0,60.989895,86.94394,2021,landsat
madagascar_2021_347,0,49.422924,38.08959,2021,landsat
madagascar_2021_354,0,17.271301,16.222042,2021,landsat
madagascar_2021_361,0,23.46422,24.00604,2021,landsat
madagascar_2021_371,0,22.615126,19.19267,2021,landsat
madagascar_2021_387,0,29.899864,21.942232,2021,landsat
madagascar_2021_392,0,20.551775,24.856604,2021,landsat
madagascar_2021_398,0,13.717334,23.850933,2021,landsat
madagascar_2021_408,0,23.341145,21.32815,2021,landsat
madagascar_2021_412,0,37.943787,22.402605,2021,landsat
madagascar_2021_416,0,16.92389,27.678814,2021,landsat
madagascar_2021_422,0,27.251993,20.44087,2021,landsat
madagascar_2021_426,0,45.637363,34.018917,2021,landsat
madagascar_2021_432,0,19.649015,20.22167,2021,landsat
madagascar_2021_438,0,20.041075,26.52162,2021,landsat
madagascar_2021_442,0,21.42303,20.249456,2021,landsat
madagascar_2021_444,0,14.479173,16.628242,2021,landsat
madagascar_2021_448,0,28.314018,20.470297,2021,landsat
madagascar_2021_451,0,24.328526,19.56719,2021,landsat
madagascar_2021_452,0,19.289236,21.110981,2021,landsat
madagascar_2021_460,0,15.353138,13.1634865,2021,landsat
madagascar_2021_463,0,31.59372,20.873991,2021,landsat
madagascar_2021_464,0,23.566372,16.308044,2021,landsat
madagascar_2021_476,0,20.592184,19.291357,2021,landsat
madagascar_2021_484,0,14.266938,14.553489,2021,landsat
madagascar_2021_487,0,50.929794,46.02605,2021,landsat
madagascar_2021_488,0,51.417282,44.91569,2021,landsat
madagascar_2021_490,0,12.916252,18.388441,2021,landsat
madagascar_2021_492,0,14.533526,17.542236,2021,landsat
madagascar_2021_500,0,43.136597,21.369751,2021,landsat
madagascar_2021_503,0,12.872382,17.514807,2021,landsat
madagascar_2021_504,0,21.466295,21.581947,2021,landsat
madagascar_2021_505,0,15.869426,14.13822,2021,landsat
madagascar_2021_509,0,12.50237,17.18565,2021,landsat
madagascar_2021_513,0,25.844557,19.781273,2021,landsat
madagascar_2021_527,0,14.231149,19.656637,2021,landsat
madagascar_2021_528,0,18.956793,18.571589,2021,landsat
madagascar_2021_531,0,20.060833,19.403048,2021,landsat
madagascar_2021_536,0,21.569128,20.466482,2021,landsat
madagascar_2021_537,0,10.114072,19.319181,2021,landsat
madagascar_2021_550,0,12.788305,23.581896,2021,landsat
madagascar_2021_551,0,12.939322,28.017157,2021,landsat
madagascar_2021_556,0,17.697254,14.298526,2021,landsat
madagascar_2021_559,0,15.565905,19.002428,2021,landsat
madagascar_2021_564,0,12.952229,20.271143,2021,landsat
madagascar_2021_572,0,12.145978,15.445285,2021,landsat
madagascar_2021_577,0,26.94889,19.597506,2021,landsat
madagascar_2021_585,0,17.544403,14.851912,2021,landsat
madagascar_2021_588,0,16.048454,18.350786,2021,landsat
madagascar_2021_603,0,32.62815,25.82353,2021,landsat
madagascar_2021_604,0,19.504206,20.202732,2021,landsat
madagascar_2021_607,0,32.284317,18.85263,2021,landsat
madagascar_2021_609,0,19.044266,23.30969,2021,landsat
madagascar_2021_619,0,48.357944,46.56091,2021,landsat
madagascar_2021_620,0,22.113413,20.352919,2021,landsat
madagascar_2021_629,0,26.846327,22.496035,2021,landsat
madagascar_2021_637,0,44.090664,38.205585,2021,landsat
madagascar_2021_640,0,24.192377,19.362553,2021,landsat
madagascar_2021_642,0,25.98391,26.572145,2021,landsat
madagascar_2021_644,0,54.81252,26.08979,2021,landsat
madagascar_2021_646,0,41.374874,24.138725,2021,landsat
madagascar_2021_647,0,22.3941,19.868563,2021,landsat
madagascar_1997_7,1,33.10967,38.063004,1997,landsat
madagascar_1997_8,1,28.007658,37.191772,1997,landsat
madagascar_1997_14,1,44.515568,33.04062,1997,landsat
madagascar_1997_22,1,38.507793,44.953804,1997,landsat
madagascar_1997_26,1,22.814325,31.553673,1997,landsat
madagascar_1997_40,1,60.631237,38.82847,1997,landsat
madagascar_1997_67,1,14.316723,18.182201,1997,landsat
madagascar_1997_74,1,14.911711,18.261246,1997,landsat
madagascar_1997_88,1,29.620398,18.94542,1997,landsat
madagascar_1997_94,1,9.233936,22.137669,1997,landsat
madagascar_1997_109,1,10.823253,17.321152,1997,landsat
madagascar_1997_111,1,14.134939,15.744314,1997,landsat
madagascar_1997_112,1,11.431364,14.683994,1997,landsat
madagascar_1997_117,1,10.124381,16.732307,1997,landsat
madagascar_1997_119,1,10.376095,17.02324,1997,landsat
madagascar_1997_124,1,32.785927,32.075306,1997,landsat
madagascar_1997_125,1,34.013172,35.52331,1997,landsat
madagascar_1997_134,1,19.450798,19.039902,1997,landsat
madagascar_1997_144,1,9.6917305,19.531116,1997,landsat
madagascar_1997_155,1,11.082258,17.57817,1997,landsat
madagascar_1997_156,1,10.194975,18.899576,1997,landsat
madagascar_1997_160,1,37.12065,14.981856,1997,landsat
madagascar_1997_167,1,17.184927,19.92691,1997,landsat
madagascar_1997_180,1,11.093933,15.843392,1997,landsat
madagascar_1997_191,1,10.685466,18.157923,1997,landsat
madagascar_1997_194,1,10.838844,16.79443,1997,landsat
madagascar_1997_197,1,29.144558,35.008095,1997,landsat
madagascar_1997_201,1,9.358067,18.779768,1997,landsat
madagascar_1997_202,1,27.021807,35.79171,1997,landsat
madagascar_1997_208,1,10.905631,24.872566,1997,landsat
madagascar_1997_209,1,9.619255,16.195534,1997,landsat
madagascar_1997_217,1,14.980773,15.907354,1997,landsat
madagascar_1997_218,1,11.250106,18.93388,1997,landsat
madagascar_1997_222,1,14.058184,15.928883,1997,landsat
madagascar_1997_229,1,10.736464,18.280138,1997,landsat
madagascar_1997_231,1,9.465595,30.46156,1997,landsat
madagascar_1997_232,1,8.973202,13.971899,1997,landsat
madagascar_1997_233,1,8.69015,14.39352,1997,landsat
madagascar_1997_235,1,30.817533,24.355392,1997,landsat
madagascar_1997_236,1,30.318666,27.214045,1997,landsat
madagascar_1997_240,1,28.317793,25.46354,1997,landsat
madagascar_1997_249,1,12.936699,17.660229,1997,landsat
madagascar_1997_259,1,10.300649,15.307215,1997,landsat
madagascar_1997_261,1,11.782573,18.056774,1997,landsat
madagascar_1997_264,1,12.38861,16.174145,1997,landsat
madagascar_1997_267,1,16.810627,19.926178,1997,landsat
madagascar_2008_7,1,39.29035,49.632103,2008,landsat
madagascar_2008_9,1,74.11128,55.33027,2008,landsat
madagascar_2008_10,1,69.028145,51.575344,2008,landsat
madagascar_2008_12,1,58.4626,55.673073,2008,landsat
madagascar_2008_15,1,47.748905,56.090385,2008,landsat
madagascar_2008_16,1,40.425938,52.509125,2008,landsat
madagascar_2008_28,1,34.27834,45.564835,2008,landsat
madagascar_2008_35,1,41.546246,49.265938,2008,landsat
madagascar_2008_42,1,48.487843,56.706963,2008,landsat
madagascar_2008_49,1,49.753643,42.39226,2008,landsat
madagascar_2008_63,1,15.825557,18.564537,2008,landsat
madagascar_2008_64,1,15.297292,20.892193,2008,landsat
madagascar_2009_69,1,21.498034,18.23138,2009,landsat
madagascar_2008_72,1,37.73522,38.04482,2008,landsat
madagascar_2009_76,1,26.70871,28.006187,2009,landsat
madagascar_2009_78,1,53.14486,39.947727,2009,landsat
madagascar_2009_85,1,14.268592,18.261763,2009,landsat
madagascar_2009_88,1,12.348923,13.917031,2009,landsat
madagascar_2009_94,1,11.015336,19.700958,2009,landsat
madagascar_2009_95,1,12.50093,15.62427,2009,landsat
madagascar_2009_98,1,19.973457,14.356111,2009,landsat
madagascar_2009_100,1,30.111887,20.035746,2009,landsat
madagascar_2008_102,1,24.25532,28.52742,2008,landsat
madagascar_2008_104,1,20.315178,14.243205,2008,landsat
madagascar_2008_105,1,14.8181095,19.408596,2008,landsat
madagascar_2008_109,1,15.269073,16.351547,2008,landsat
madagascar_2008_133,1,12.112241,15.117646,2008,landsat
madagascar_2008_157,1,46.533287,35.632767,2008,landsat
madagascar_2009_179,1,3.4682825,15.685008,2009,landsat
madagascar_2009_185,1,13.60444,21.111591,2009,landsat
madagascar_2009_193,1,17.125942,20.793043,2009,landsat
madagascar_2009_205,1,14.115751,16.865679,2009,landsat
madagascar_2009_211,1,15.282515,16.335331,2009,landsat
madagascar_2009_212,1,15.569781,17.290619,2009,landsat
madagascar_2009_214,1,42.643623,34.92968,2009,landsat
madagascar_2008_222,1,10.511523,16.910046,2008,landsat
madagascar_2009_225,1,16.128538,16.525223,2009,landsat
madagascar_2009_234,1,19.226727,18.196064,2009,landsat
madagascar_2009_237,1,22.173178,18.191801,2009,landsat
madagascar_2009_239,1,19.892317,19.121845,2009,landsat
madagascar_2009_247,1,17.939785,15.79374,2009,landsat
madagascar_2009_252,1,21.897997,27.526999,2009,landsat
madagascar_2009_257,1,19.691708,17.167017,2009,landsat
madagascar_2009_259,1,20.416302,16.622772,2009,landsat
madagascar_2009_261,1,23.82896,18.059185,2009,landsat
madagascar_2009_274,1,18.204332,15.167023,2009,landsat
madagascar_2009_277,1,53.92482,43.194843,2009,landsat
madagascar_2009_279,1,38.990025,35.20481,2009,landsat
madagascar_2009_284,1,14.231597,14.76225,2009,landsat
madagascar_2009_286,1,16.056456,15.778175,2009,landsat
madagascar_2009_288,1,15.789873,18.700336,2009,landsat
madagascar_2009_293,1,16.195063,17.42183,2009,landsat
madagascar_2009_300,1,13.239382,18.28667,2009,landsat
madagascar_2009_317,1,14.392113,18.620068,2009,landsat
madagascar_2009_318,1,16.380953,17.622683,2009,landsat
madagascar_2009_326,1,20.984331,23.805836,2009,landsat
madagascar_2009_350,1,17.67774,17.378689,2009,landsat
madagascar_2008_359,1,13.419286,15.889113,2008,landsat
madagascar_2009_383,1,18.976469,18.68432,2009,landsat
madagascar_2009_385,1,20.641394,16.65482,2009,landsat
madagascar_2009_391,1,22.605415,17.574081,2009,landsat
madagascar_2009_393,1,43.668137,33.32804,2009,landsat
madagascar_2009_394,1,18.70553,18.74861,2009,landsat
madagascar_2008_396,1,19.085896,18.08876,2008,landsat
madagascar_2009_428,1,17.694988,17.304436,2009,landsat
madagascar_2009_430,1,14.231312,14.87777,2009,landsat
madagascar_2009_436,1,6.637139,15.7676115,2009,landsat
madagascar_2009_439,1,9.713402,47.208855,2009,landsat
madagascar_2009_440,1,40.84858,32.433983,2009,landsat
madagascar_2009_446,1,16.947403,17.933569,2009,landsat
madagascar_2008_459,1,17.552608,13.889778,2008,landsat
madagascar_2009_461,1,18.972546,19.297249,2009,landsat
madagascar_2009_463,1,18.302614,18.175808,2009,landsat
madagascar_2009_464,1,18.416876,16.144737,2009,landsat
madagascar_2009_467,1,14.756235,21.514824,2009,landsat
madagascar_2009_472,1,17.248835,24.538603,2009,landsat
madagascar_2009_475,1,15.434073,17.90292,2009,landsat
madagascar_2009_477,1,14.320721,17.981045,2009,landsat
madagascar_2009_488,1,20.47821,16.730946,2009,landsat
madagascar_2009_496,1,16.671627,17.920834,2009,landsat
madagascar_2009_499,1,16.37479,35.815643,2009,landsat
madagascar_2009_510,1,17.130175,16.214134,2009,landsat
madagascar_2009_529,1,51.491943,40.311493,2009,landsat
madagascar_2009_542,1,27.222694,20.324009,2009,landsat
madagascar_2009_544,1,14.085706,13.091824,2009,landsat
madagascar_2009_547,1,23.551083,17.889423,2009,landsat
madagascar_2009_548,1,17.432137,17.440948,2009,landsat
madagascar_2009_557,1,20.870695,35.17172,2009,landsat
madagascar_2009_558,1,42.550392,49.164917,2009,landsat
madagascar_2009_562,1,14.516119,19.509668,2009,landsat
madagascar_2009_566,1,15.494014,17.520485,2009,landsat
madagascar_2009_569,1,23.242907,19.931587,2009,landsat
madagascar_2009_570,1,36.485485,32.380424,2009,landsat
madagascar_2009_574,1,15.865362,18.655968,2009,landsat
madagascar_2009_577,1,28.624062,20.44392,2009,landsat
madagascar_2008_592,1,22.650501,20.050495,2008,landsat
madagascar_2008_594,1,19.038263,17.923683,2008,landsat
madagascar_2009_596,1,12.951939,15.821394,2009,landsat
madagascar_2009_598,1,10.589585,18.66239,2009,landsat
madagascar_2011_3,1,59.72494,43.51161,2011,landsat
madagascar_2011_6,1,50.84073,21.602182,2011,landsat
madagascar_2011_9,1,34.632908,16.359333,2011,landsat
madagascar_2011_11,1,17.884802,15.971427,2011,landsat
madagascar_2011_14,1,20.558275,42.98741,2011,landsat
madagascar_2011_17,1,30.810316,21.801468,2011,landsat
madagascar_2011_28,1,22.813377,20.411999,2011,landsat
madagascar_2011_32,1,47.201176,45.21657,2011,landsat
madagascar_2011_43,1,36.877857,35.955418,2011,landsat
madagascar_2011_52,1,13.64126,34.279938,2011,landsat
madagascar_2011_54,1,38.59567,17.83768,2011,landsat
madagascar_2011_58,1,17.250664,18.438833,2011,landsat
madagascar_2011_66,1,18.028122,18.649124,2011,landsat
madagascar_2011_71,1,22.951317,19.116768,2011,landsat
madagascar_2011_74,1,12.186563,19.23965,2011,landsat
madagascar_2011_91,1,8.666354,37.259686,2011,landsat
madagascar_2011_97,1,62.70062,21.55648,2011,landsat
madagascar_2011_100,1,69.93314,36.22315,2011,landsat
madagascar_2011_104,1,15.440801,17.967478,2011,landsat
madagascar_2011_110,1,25.693115,37.37125,2011,landsat
madagascar_2011_112,1,34.579292,19.808933,2011,landsat
madagascar_2011_119,1,22.912325,20.857708,2011,landsat
madagascar_2011_125,1,27.644352,18.220364,2011,landsat
madagascar_2011_130,1,79.789986,21.328957,2011,landsat
madagascar_2011_134,1,32.48013,19.584723,2011,landsat
madagascar_2011_137,1,18.143791,21.282543,2011,landsat
madagascar_2011_140,1,14.316186,31.655529,2011,landsat
madagascar_2011_143,1,56.17504,20.671707,2011,landsat
madagascar_2011_151,1,14.31011,19.349955,2011,landsat
madagascar_2011_163,1,11.442224,30.025154,2011,landsat
madagascar_2011_166,1,8.747266,47.01765,2011,landsat
madagascar_2011_167,1,7.15844,41.077885,2011,landsat
madagascar_2011_183,1,13.237922,16.966547,2011,landsat
madagascar_2011_185,1,11.102487,47.40841,2011,landsat
madagascar_2011_190,1,18.968782,33.354877,2011,landsat
madagascar_2011_195,1,11.164444,29.746403,2011,landsat
madagascar_2011_202,1,10.858054,17.29519,2011,landsat
madagascar_2011_204,1,38.695473,30.208237,2011,landsat
madagascar_2011_207,1,15.692385,17.481068,2011,landsat
madagascar_2011_209,1,9.289411,17.51762,2011,landsat
madagascar_2011_212,1,13.0386915,18.360844,2011,landsat
madagascar_2011_219,1,14.727904,19.950264,2011,landsat
madagascar_2011_225,1,11.396851,18.225279,2011,landsat
madagascar_2011_231,1,16.568352,41.50666,2011,landsat
madagascar_2011_236,1,11.336978,31.375608,2011,landsat
madagascar_2011_243,1,49.275196,34.268417,2011,landsat
madagascar_2011_249,1,62.055984,23.828754,2011,landsat
madagascar_2011_252,1,47.528652,20.055943,2011,landsat
madagascar_2011_257,1,40.931454,18.27024,2011,landsat
madagascar_2011_262,1,38.70666,17.517654,2011,landsat
madagascar_2011_265,1,21.243465,17.233738,2011,landsat
madagascar_2013_1,1,52.33229,45.169754,2013,landsat
madagascar_2013_6,1,44.198105,35.09776,2013,landsat
madagascar_2013_7,1,53.09215,45.810112,2013,landsat
madagascar_2013_13,1,27.633635,24.853846,2013,landsat
madagascar_2013_19,1,23.766567,22.344038,2013,landsat
madagascar_2013_22,1,32.361633,34.3495,2013,landsat
madagascar_2013_25,1,28.073717,30.711956,2013,landsat
madagascar_2013_32,1,20.368301,20.364597,2013,landsat
madagascar_2013_35,1,38.80164,26.475029,2013,landsat
madagascar_2013_44,1,24.015173,31.900648,2013,landsat
madagascar_2013_50,1,39.012726,32.677757,2013,landsat
madagascar_2013_54,1,52.0743,20.099989,2013,landsat
madagascar_2013_55,1,18.899164,19.675238,2013,landsat
madagascar_2013_60,1,20.538717,17.438635,2013,landsat
madagascar_2013_61,1,14.41776,22.838955,2013,landsat
madagascar_2013_68,1,53.127632,40.264908,2013,landsat
madagascar_2013_75,1,20.223106,18.360798,2013,landsat
madagascar_2013_80,1,11.113808,18.089693,2013,landsat
madagascar_2013_83,1,18.53147,25.38786,2013,landsat
madagascar_2013_95,1,13.910253,17.670055,2013,landsat
madagascar_2013_100,1,16.498335,17.12125,2013,landsat
madagascar_2013_106,1,54.239105,42.445084,2013,landsat
madagascar_2013_109,1,69.69404,52.730453,2013,landsat
madagascar_2013_111,1,13.699299,15.92423,2013,landsat
madagascar_2013_115,1,16.853983,31.210682,2013,landsat
madagascar_2013_118,1,38.567608,33.452175,2013,landsat
madagascar_2013_123,1,19.198875,18.722492,2013,landsat
madagascar_2013_127,1,27.694168,20.37661,2013,landsat
madagascar_2013_132,1,17.79068,17.290173,2013,landsat
madagascar_2013_133,1,12.536433,20.543167,2013,landsat
madagascar_2013_134,1,47.927628,33.927696,2013,landsat
madagascar_2013_135,1,27.530493,43.162502,2013,landsat
madagascar_2013_138,1,30.240986,19.24062,2013,landsat
madagascar_2013_144,1,54.256874,43.71892,2013,landsat
madagascar_2013_147,1,15.8328,28.378338,2013,landsat
madagascar_2013_156,1,11.510259,24.728348,2013,landsat
madagascar_2013_159,1,14.42783,18.302305,2013,landsat
madagascar_2013_167,1,15.407222,16.339567,2013,landsat
madagascar_2013_187,1,8.542847,19.728,2013,landsat
madagascar_2013_190,1,16.64935,18.372442,2013,landsat
madagascar_2013_193,1,13.162583,20.07116,2013,landsat
madagascar_2013_196,1,6.5804014,19.244349,2013,landsat
madagascar_2013_203,1,11.742688,14.883178,2013,landsat
madagascar_2013_208,1,6.3118687,22.971504,2013,landsat
madagascar_2013_215,1,10.510787,17.689398,2013,landsat
madagascar_2013_217,1,24.412668,21.342606,2013,landsat
madagascar_2013_219,1,12.805228,18.139666,2013,landsat
madagascar_2013_227,1,12.582451,20.166378,2013,landsat
madagascar_2013_228,1,11.565536,17.391678,2013,landsat
madagascar_2013_234,1,11.064339,17.530497,2013,landsat
madagascar_2013_256,1,48.821102,40.5465,2013,landsat
madagascar_2013_260,1,17.78215,16.058498,2013,landsat
madagascar_2013_262,1,16.263403,16.856491,2013,landsat
madagascar_2013_265,1,36.059155,51.131577,2013,landsat
madagascar_2013_273,1,34.033234,44.82888,2013,landsat
madagascar_2013_275,1,50.91917,50.569695,2013,landsat
madagascar_2013_278,1,21.140951,20.80095,2013,landsat
madagascar_2013_280,1,20.296707,18.466278,2013,landsat
madagascar_2016_3,1,26.629763,20.111961,2016,landsat
madagascar_2016_4,1,38.559116,32.400726,2016,landsat
madagascar_2016_6,1,24.138348,20.073494,2016,landsat
madagascar_2016_12,1,56.34552,46.71428,2016,landsat
madagascar_2016_13,1,50.601295,48.15143,2016,landsat
madagascar_2016_21,1,11.655533,20.41361,2016,landsat
madagascar_2016_41,1,11.36739,20.488037,2016,landsat
madagascar_2016_47,1,15.590602,18.001495,2016,landsat
madagascar_2016_49,1,47.638702,44.78582,2016,landsat
madagascar_2016_53,1,25.832119,31.73579,2016,landsat
madagascar_2016_66,1,9.777501,21.203949,2016,landsat
madagascar_2016_80,1,28.981997,23.698898,2016,landsat
madagascar_2016_85,1,25.804087,46.79049,2016,landsat
madagascar_2016_93,1,21.262842,20.108437,2016,landsat
madagascar_2016_96,1,18.223349,19.034012,2016,landsat
madagascar_2016_101,1,12.156619,16.95496,2016,landsat
madagascar_2016_114,1,13.508641,17.37793,2016,landsat
madagascar_2016_122,1,28.631758,19.353191,2016,landsat
madagascar_2016_136,1,10.058758,22.765581,2016,landsat
madagascar_2016_154,1,16.475534,17.974949,2016,landsat
madagascar_2016_160,1,24.411524,19.307003,2016,landsat
madagascar_2016_182,1,15.9032,18.76103,2016,landsat
madagascar_2016_188,1,15.121799,17.22726,2016,landsat
madagascar_2016_193,1,47.69101,33.592236,2016,landsat
madagascar_2016_196,1,21.511143,19.953743,2016,landsat
madagascar_2016_200,1,22.981186,30.072273,2016,landsat
madagascar_2016_205,1,14.32601,17.553871,2016,landsat
madagascar_2016_208,1,10.346833,16.509096,2016,landsat
madagascar_2016_218,1,11.15947,19.960415,2016,landsat
madagascar_2016_227,1,48.192783,42.913147,2016,landsat
madagascar_2016_253,1,29.40143,19.52161,2016,landsat
madagascar_2016_267,1,10.993979,12.584701,2016,landsat
madagascar_2016_280,1,6.1281233,18.227133,2016,landsat
madagascar_2016_285,1,8.849128,20.786705,2016,landsat
madagascar_2016_289,1,17.914555,18.752996,2016,landsat
madagascar_2016_290,1,9.340713,15.998185,2016,landsat
madagascar_2016_294,1,11.92302,18.59972,2016,landsat
madagascar_2016_299,1,13.963344,17.954193,2016,landsat
madagascar_2016_300,1,16.284803,15.940374,2016,landsat
madagascar_2016_303,1,12.735933,25.773808,2016,landsat
madagascar_2016_304,1,10.310664,18.197124,2016,landsat
madagascar_2016_318,1,31.351212,38.14489,2016,landsat
madagascar_2016_327,1,15.067912,14.564536,2016,landsat
madagascar_2016_328,1,40.27664,20.86364,2016,landsat
madagascar_2016_329,1,14.886586,18.841667,2016,landsat
madagascar_2016_338,1,26.721834,27.442219,2016,landsat
madagascar_2016_339,1,15.431985,17.46772,2016,landsat
madagascar_2016_343,1,8.694087,20.310728,2016,landsat
madagascar_2016_352,1,16.045483,20.15815,2016,landsat
madagascar_2016_358,1,17.061056,15.25796,2016,landsat
madagascar_2016_360,1,21.387163,33.249435,2016,landsat
madagascar_2016_364,1,36.976593,34.17711,2016,landsat
madagascar_2016_367,1,24.111109,18.275124,2016,landsat
madagascar_2016_370,1,30.007982,17.939754,2016,landsat
madagascar_2016_371,1,26.392212,17.388004,2016,landsat
madagascar_2016_372,1,14.376191,18.728922,2016,landsat
madagascar_2021_9,1,48.926304,60.5094,2021,landsat
madagascar_2021_20,1,69.85837,53.078773,2021,landsat
madagascar_2021_28,1,52.222507,50.97682,2021,landsat
madagascar_2021_31,1,43.945747,55.32655,2021,landsat
madagascar_2021_34,1,61.65641,51.875507,2021,landsat
madagascar_2021_37,1,53.08388,57.531807,2021,landsat
madagascar_2021_40,1,54.970047,60.16792,2021,landsat
madagascar_2021_41,1,51.547398,59.736343,2021,landsat
madagascar_2021_45,1,50.28547,44.506138,2021,landsat
madagascar_2021_48,1,27.318413,18.811026,2021,landsat
madagascar_2021_49,1,29.527473,20.170391,2021,landsat
madagascar_2021_50,1,30.233597,18.61821,2021,landsat
madagascar_2021_52,1,22.158741,20.302753,2021,landsat
madagascar_2021_55,1,30.547174,19.988745,2021,landsat
madagascar_2021_59,1,24.787762,19.99569,2021,landsat
madagascar_2021_68,1,47.522743,48.013855,2021,landsat
madagascar_2021_72,1,32.166313,19.762552,2021,landsat
madagascar_2021_74,1,51.59729,21.315342,2021,landsat
madagascar_2021_77,1,63.807827,49.706577,2021,landsat
madagascar_2021_82,1,34.218052,17.160564,2021,landsat
madagascar_2021_85,1,22.89448,19.422813,2021,landsat
madagascar_2021_87,1,21.15415,16.60334,2021,landsat
madagascar_2021_90,1,30.622755,18.443241,2021,landsat
madagascar_2021_95,1,19.215668,21.653557,2021,landsat
madagascar_2021_96,1,15.130164,21.078701,2021,landsat
madagascar_2021_101,1,25.508142,19.520351,2021,landsat
madagascar_2021_102,1,17.89285,24.559322,2021,landsat
madagascar_2021_104,1,19.184113,19.618189,2021,landsat
madagascar_2021_110,1,29.825665,20.337582,2021,landsat
madagascar_2021_113,1,22.066324,20.255146,2021,landsat
madagascar_2021_114,1,46.644512,32.781815,2021,landsat
madagascar_2021_119,1,43.42148,29.500504,2021,landsat
madagascar_2021_122,1,21.652653,19.797722,2021,landsat
madagascar_2021_125,1,48.97607,17.886776,2021,landsat
madagascar_2021_126,1,25.26411,18.72209,2021,landsat
madagascar_2021_130,1,21.857033,17.67847,2021,landsat
madagascar_2021_131,1,15.892617,20.782406,2021,landsat
madagascar_2021_132,1,25.062922,22.064367,2021,landsat
madagascar_2021_144,1,20.342733,18.751991,2021,landsat
madagascar_2021_149,1,20.428656,20.005657,2021,landsat
madagascar_2021_155,1,23.41724,18.214657,2021,landsat
madagascar_2021_163,1,42.971363,42.09659,2021,landsat
madagascar_2021_167,1,19.000713,19.144201,2021,landsat
madagascar_2021_175,1,24.419561,17.311014,2021,landsat
madagascar_2021_180,1,26.792452,32.896835,2021,landsat
madagascar_2021_184,1,18.515858,18.779488,2021,landsat
madagascar_2021_197,1,12.416947,18.917233,2021,landsat
madagascar_2021_204,1,45.424446,18.998272,2021,landsat
madagascar_2021_215,1,25.956654,17.294785,2021,landsat
madagascar_2021_222,1,17.963417,18.791824,2021,landsat
madagascar_2021_235,1,13.954658,19.171358,2021,landsat
madagascar_2021_237,1,34.64385,19.503998,2021,landsat
madagascar_2021_241,1,19.278996,17.353008,2021,landsat
madagascar_2021_249,1,15.068873,20.74988,2021,landsat
madagascar_2021_250,1,15.288073,18.677956,2021,landsat
madagascar_2021_257,1,19.744335,19.692879,2021,landsat
madagascar_2021_267,1,29.050934,18.19503,2021,landsat
madagascar_2021_272,1,12.552155,17.37775,2021,landsat
madagascar_2021_274,1,15.662701,17.565247,2021,landsat
madagascar_2021_275,1,17.024595,18.350986,2021,landsat
madagascar_2021_281,1,12.990355,15.768749,2021,landsat
madagascar_2021_283,1,14.03344,15.630773,2021,landsat
madagascar_2021_290,1,11.578503,20.3018,2021,landsat
madagascar_2021_298,1,46.827534,47.86606,2021,landsat
madagascar_2021_310,1,15.858147,19.449402,2021,landsat
madagascar_2021_312,1,18.601622,24.05949,2021,landsat
madagascar_2021_318,1,17.884274,16.680647,2021,landsat
madagascar_2021_322,1,32.249493,17.611282,2021,landsat
madagascar_2021_331,1,26.411982,19.75866,2021,landsat
madagascar_2021_336,1,23.391388,19.521862,2021,landsat
madagascar_2021_337,1,43.291836,21.206156,2021,landsat
madagascar_2021_348,1,64.79759,45.593735,2021,landsat
madagascar_2021_349,1,29.727425,27.265678,2021,landsat
madagascar_2021_353,1,11.068855,20.676962,2021,landsat
madagascar_2021_358,1,44.66378,31.43373,2021,landsat
madagascar_2021_360,1,31.727701,20.745113,2021,landsat
madagascar_2021_364,1,35.304073,19.008213,2021,landsat
madagascar_2021_365,1,22.842749,17.77554,2021,landsat
madagascar_2021_368,1,29.093287,20.939741,2021,landsat
madagascar_2021_369,1,41.859882,20.045181,2021,landsat
madagascar_2021_370,1,41.346806,17.566353,2021,landsat
madagascar_2021_372,1,12.465895,18.03984,2021,landsat
madagascar_2021_375,1,58.261883,44.73669,2021,landsat
madagascar_2021_376,1,54.238953,45.82975,2021,landsat
madagascar_2021_388,1,39.582447,29.331615,2021,landsat
madagascar_2021_390,1,18.085228,13.662688,2021,landsat
madagascar_2021_396,1,33.206497,22.929937,2021,landsat
madagascar_2021_403,1,12.19602,17.286093,2021,landsat
madagascar_2021_404,1,15.682943,22.280556,2021,landsat
madagascar_2021_407,1,18.900593,17.460428,2021,landsat
madagascar_2021_410,1,27.110138,18.691174,2021,landsat
madagascar_2021_423,1,32.46226,34.27391,2021,landsat
madagascar_2021_429,1,27.019697,32.55863,2021,landsat
madagascar_2021_430,1,54.330513,35.23201,2021,landsat
madagascar_2021_434,1,18.545837,20.403013,2021,landsat
madagascar_2021_440,1,13.975021,20.779217,2021,landsat
madagascar_2021_450,1,21.644798,20.344748,2021,landsat
madagascar_2021_462,1,14.55585,14.084469,2021,landsat
madagascar_2021_467,1,17.137165,13.375887,2021,landsat
madagascar_2021_472,1,17.658562,17.1998,2021,landsat
madagascar_2021_481,1,10.692258,15.712694,2021,landsat
madagascar_2021_489,1,20.804602,24.030884,2021,landsat
madagascar_2021_491,1,25.638737,19.94612,2021,landsat
madagascar_2021_496,1,19.93196,20.299612,2021,landsat
madagascar_2021_498,1,20.02043,16.142061,2021,landsat
madagascar_2021_510,1,34.868248,18.781734,2021,landsat
madagascar_2021_511,1,16.443342,18.193333,2021,landsat
madagascar_2021_515,1,13.371707,18.276207,2021,landsat
madagascar_2021_517,1,10.407816,20.336472,2021,landsat
madagascar_2021_521,1,10.840218,18.94078,2021,landsat
madagascar_2021_522,1,14.660092,18.928814,2021,landsat
madagascar_2021_530,1,13.723109,20.882547,2021,landsat
madagascar_2021_535,1,13.657806,21.626823,2021,landsat
madagascar_2021_542,1,51.43271,43.11171,2021,landsat
madagascar_2021_547,1,15.524625,26.406487,2021,landsat
madagascar_2021_554,1,16.603006,19.433693,2021,landsat
madagascar_2021_557,1,20.025244,18.370575,2021,landsat
madagascar_2021_560,1,11.703371,17.149494,2021,landsat
madagascar_2021_563,1,21.341003,25.272806,2021,landsat
madagascar_2021_568,1,47.269768,35.428047,2021,landsat
madagascar_2021_581,1,21.347336,14.884128,2021,landsat
madagascar_2021_583,1,25.587048,15.159382,2021,landsat
madagascar_2021_586,1,18.400116,16.162912,2021,landsat
madagascar_2021_590,1,16.30791,19.497732,2021,landsat
madagascar_2021_595,1,55.28539,45.938858,2021,landsat
madagascar_2021_596,1,45.819668,45.41774,2021,landsat
madagascar_2021_602,1,28.423986,26.919563,2021,landsat
madagascar_2021_608,1,36.5459,16.732403,2021,landsat
madagascar_2021_617,1,46.67422,43.02259,2021,landsat
madagascar_2021_621,1,25.153517,20.46751,2021,landsat
madagascar_2021_623,1,23.858173,16.951694,2021,landsat
madagascar_2021_625,1,22.921875,25.83091,2021,landsat
madagascar_2021_633,1,40.322758,20.197252,2021,landsat
madagascar_2021_636,1,18.617064,18.330338,2021,landsat
madagascar_2021_638,1,19.842882,20.332603,2021,landsat
madagascar_2021_639,1,16.423841,18.72684,2021,landsat
madagascar_2021_643,1,29.838213,18.618849,2021,landsat
madagascar_2021_650,1,20.04946,20.513287,2021,landsat
madagascar_2021_655,1,31.452488,20.663597,2021,landsat
madagascar_2021_657,1,19.75329,18.796446,2021,landsat
madagascar_1997_2,2,25.333185,32.703377,1997,landsat
madagascar_1997_4,2,36.482098,34.970524,1997,landsat
madagascar_1997_9,2,25.04087,40.406082,1997,landsat
madagascar_1997_16,2,28.525866,35.379898,1997,landsat
madagascar_1997_19,2,30.632593,31.807856,1997,landsat
madagascar_1997_23,2,40.291985,10.107694,1997,landsat
madagascar_1997_36,2,43.951,32.395123,1997,landsat
madagascar_1997_38,2,37.286,38.855507,1997,landsat
madagascar_1997_39,2,26.15196,34.95027,1997,landsat
madagascar_1997_42,2,61.00697,44.596,1997,landsat
madagascar_1997_46,2,49.121727,40.87326,1997,landsat
madagascar_1997_54,2,21.64883,15.488203,1997,landsat
madagascar_1997_62,2,12.277397,19.116915,1997,landsat
madagascar_1997_65,2,16.825748,15.42222,1997,landsat
madagascar_1997_66,2,9.26924,15.375997,1997,landsat
madagascar_1997_73,2,13.974464,15.172574,1997,landsat
madagascar_1997_76,2,12.763796,20.074179,1997,landsat
madagascar_1997_79,2,14.172289,16.543852,1997,landsat
madagascar_1997_92,2,22.111584,27.613043,1997,landsat
madagascar_1997_98,2,11.971922,15.9446535,1997,landsat
madagascar_1997_108,2,11.315405,15.932511,1997,landsat
madagascar_1997_110,2,13.500298,17.345926,1997,landsat
madagascar_1997_122,2,6.8651314,18.785154,1997,landsat
madagascar_1997_126,2,39.90061,26.529123,1997,landsat
madagascar_1997_132,2,21.862879,27.87987,1997,landsat
madagascar_1997_140,2,12.595502,17.022015,1997,landsat
madagascar_1997_141,2,12.313473,9.255886,1997,landsat
madagascar_1997_145,2,13.22845,20.72208,1997,landsat
madagascar_1997_151,2,13.101459,15.422589,1997,landsat
madagascar_1997_154,2,13.7217,18.42829,1997,landsat
madagascar_1997_157,2,11.654692,15.454297,1997,landsat
madagascar_1997_159,2,11.981951,16.251038,1997,landsat
madagascar_1997_162,2,22.905775,36.653793,1997,landsat
madagascar_1997_171,2,14.152584,16.594625,1997,landsat
madagascar_1997_173,2,14.343954,26.94922,1997,landsat
madagascar_1997_176,2,9.677987,15.969016,1997,landsat
madagascar_1997_179,2,8.929949,17.774035,1997,landsat
madagascar_1997_182,2,12.119199,18.815046,1997,landsat
madagascar_1997_185,2,10.595323,22.304762,1997,landsat
madagascar_1997_187,2,11.183414,19.352663,1997,landsat
madagascar_1997_195,2,11.358194,22.928514,1997,landsat
madagascar_1997_203,2,10.122511,15.0542,1997,landsat
madagascar_1997_210,2,9.512254,16.138975,1997,landsat
madagascar_1997_211,2,11.749483,13.209619,1997,landsat
madagascar_1997_212,2,10.333608,18.597342,1997,landsat
madagascar_1997_213,2,22.222364,17.756714,1997,landsat
madagascar_1997_216,2,10.126915,18.60566,1997,landsat
madagascar_1997_221,2,8.943496,18.563251,1997,landsat
madagascar_1997_225,2,10.630665,15.815385,1997,landsat
madagascar_1997_237,2,25.73766,26.790045,1997,landsat
madagascar_1997_239,2,45.98902,33.5681,1997,landsat
madagascar_1997_243,2,24.259733,20.7446,1997,landsat
madagascar_1997_245,2,11.279919,17.636488,1997,landsat
madagascar_1997_257,2,11.720496,12.496553,1997,landsat
madagascar_1997_268,2,14.678443,16.236092,1997,landsat
madagascar_2008_2,2,41.987095,43.78826,2008,landsat
madagascar_2008_6,2,44.178997,49.54728,2008,landsat
madagascar_2008_11,2,70.63824,51.17923,2008,landsat
madagascar_2008_17,2,38.62167,53.986183,2008,landsat
madagascar_2008_20,2,69.15098,50.564972,2008,landsat
madagascar_2008_23,2,37.842163,49.292667,2008,landsat
madagascar_2008_27,2,36.758556,51.650414,2008,landsat
madagascar_2008_31,2,61.12171,44.339046,2008,landsat
madagascar_2008_32,2,59.676716,51.84973,2008,landsat
madagascar_2008_36,2,53.028194,45.28497,2008,landsat
madagascar_2008_38,2,68.39298,54.57039,2008,landsat
madagascar_2008_45,2,51.68326,56.616142,2008,landsat
madagascar_2008_51,2,37.10254,45.03374,2008,landsat
madagascar_2008_54,2,22.60863,25.517736,2008,landsat
madagascar_2008_58,2,42.751522,27.498096,2008,landsat
madagascar_2008_59,2,15.195779,16.931509,2008,landsat
madagascar_2008_61,2,19.087145,16.526762,2008,landsat
madagascar_2008_73,2,44.886784,43.09681,2008,landsat
madagascar_2008_74,2,31.093916,25.183313,2008,landsat
madagascar_2008_75,2,26.198298,27.205463,2008,landsat
madagascar_2009_77,2,44.77524,40.156662,2009,landsat
madagascar_2009_82,2,45.82447,19.993109,2009,landsat
madagascar_2009_87,2,13.48873,23.676794,2009,landsat
madagascar_2009_91,2,15.29053,16.81731,2009,landsat
madagascar_2009_97,2,24.862078,17.318844,2009,landsat
madagascar_2008_103,2,24.643862,24.293034,2008,landsat
madagascar_2008_113,2,23.682053,23.904652,2008,landsat
madagascar_2009_151,2,46.63455,43.507423,2009,landsat
madagascar_2009_155,2,40.20039,41.33506,2009,landsat
madagascar_2009_158,2,10.791404,22.242943,2009,landsat
madagascar_2009_169,2,13.566536,29.835058,2009,landsat
madagascar_2009_174,2,18.184845,23.642672,2009,landsat
madagascar_2009_175,2,15.186413,19.221436,2009,landsat
madagascar_2009_176,2,7.5858684,15.706906,2009,landsat
madagascar_2009_181,2,34.154762,32.6977,2009,landsat
madagascar_2009_186,2,5.028204,20.583551,2009,landsat
madagascar_2009_187,2,15.376639,24.575796,2009,landsat
madagascar_2009_189,2,6.0672364,16.290464,2009,landsat
madagascar_2009_192,2,44.415585,25.463274,2009,landsat
madagascar_2009_201,2,16.011051,16.741442,2009,landsat
madagascar_2009_216,2,15.941212,16.686516,2009,landsat
madagascar_2009_219,2,16.894846,17.954885,2009,landsat
madagascar_2008_223,2,7.3358502,17.088108,2008,landsat
madagascar_2009_229,2,35.40821,29.44745,2009,landsat
madagascar_2009_232,2,20.374187,17.147573,2009,landsat
madagascar_2009_241,2,21.986057,22.549637,2009,landsat
madagascar_2009_243,2,20.17615,21.091887,2009,landsat
madagascar_2009_246,2,17.894972,21.638927,2009,landsat
madagascar_2009_254,2,13.413407,15.966306,2009,landsat
madagascar_2009_255,2,13.937866,15.0041485,2009,landsat
madagascar_2009_256,2,18.954792,16.2301,2009,landsat
madagascar_2009_262,2,18.677864,18.887663,2009,landsat
madagascar_2009_271,2,17.974075,14.822417,2009,landsat
madagascar_2009_273,2,20.559666,16.047949,2009,landsat
madagascar_2009_275,2,19.388353,16.710989,2009,landsat
madagascar_2009_276,2,50.84816,38.40004,2009,landsat
madagascar_2009_289,2,37.373337,27.196552,2009,landsat
madagascar_2009_298,2,12.760565,16.680677,2009,landsat
madagascar_2008_301,2,25.819014,18.732084,2008,landsat
madagascar_2008_302,2,35.70059,21.668444,2008,landsat
madagascar_2009_310,2,15.549547,12.142096,2009,landsat
madagascar_2009_316,2,15.97522,16.314602,2009,landsat
madagascar_2009_319,2,25.613873,16.341986,2009,landsat
madagascar_2009_343,2,24.701967,16.114126,2009,landsat
madagascar_2008_378,2,23.049334,20.932478,2008,landsat
madagascar_2008_387,2,21.243305,14.8514385,2008,landsat
madagascar_2009_395,2,24.200296,15.099563,2009,landsat
madagascar_2009_397,2,19.329914,26.657278,2009,landsat
madagascar_2009_426,2,13.869299,14.7150755,2009,landsat
madagascar_2009_437,2,10.255371,13.811576,2009,landsat
madagascar_2009_441,2,46.67102,36.883667,2009,landsat
madagascar_2009_451,2,63.156876,37.62212,2009,landsat
madagascar_2009_455,2,36.42895,34.941757,2009,landsat
madagascar_2009_460,2,15.088851,23.801653,2009,landsat
madagascar_2009_466,2,15.785249,18.367659,2009,landsat
madagascar_2009_476,2,14.936389,19.803381,2009,landsat
madagascar_2009_478,2,12.871084,21.510492,2009,landsat
madagascar_2009_480,2,15.860013,16.278101,2009,landsat
madagascar_2009_486,2,19.96174,17.306105,2009,landsat
madagascar_2009_494,2,16.01308,22.733465,2009,landsat
madagascar_2009_509,2,17.283571,16.727798,2009,landsat
madagascar_2008_512,2,38.723545,28.893988,2008,landsat
madagascar_2009_513,2,31.02114,26.213282,2009,landsat
madagascar_2009_517,2,36.74469,18.939896,2009,landsat
madagascar_2009_518,2,13.28047,16.535112,2009,landsat
madagascar_2009_519,2,43.677284,30.557457,2009,landsat
madagascar_2009_521,2,20.094782,21.055012,2009,landsat
madagascar_2009_523,2,18.553032,20.42676,2009,landsat
madagascar_2009_533,2,22.101473,29.631979,2009,landsat
madagascar_2009_539,2,22.8326,14.773882,2009,landsat
madagascar_2009_555,2,50.566322,42.229847,2009,landsat
madagascar_2009_561,2,20.549109,15.75726,2009,landsat
madagascar_2009_563,2,29.09958,18.01413,2009,landsat
madagascar_2009_567,2,45.486336,25.193993,2009,landsat
madagascar_2009_571,2,18.199562,19.747458,2009,landsat
madagascar_2009_572,2,15.503742,17.951021,2009,landsat
madagascar_2009_579,2,12.792145,14.149436,2009,landsat
madagascar_2008_595,2,22.983192,21.49195,2008,landsat
madagascar_2009_597,2,12.335043,22.846998,2009,landsat
madagascar_2011_7,2,54.157303,37.49533,2011,landsat
madagascar_2011_13,2,29.403397,33.935272,2011,landsat
madagascar_2011_23,2,32.23853,29.637957,2011,landsat
madagascar_2011_31,2,36.70477,24.459377,2011,landsat
madagascar_2011_35,2,45.47689,33.590168,2011,landsat
madagascar_2011_36,2,29.929863,53.73282,2011,landsat
madagascar_2011_37,2,37.208817,40.969162,2011,landsat
madagascar_2011_38,2,21.908207,27.95429,2011,landsat
madagascar_2011_45,2,44.310402,23.055334,2011,landsat
madagascar_2011_46,2,17.015419,20.268248,2011,landsat
madagascar_2011_53,2,7.9117503,17.0312,2011,landsat
madagascar_2011_55,2,15.999687,16.349167,2011,landsat
madagascar_2011_57,2,16.09597,21.106195,2011,landsat
madagascar_2011_60,2,21.719181,15.781106,2011,landsat
madagascar_2011_68,2,12.672083,17.311928,2011,landsat
madagascar_2011_80,2,16.46105,17.21566,2011,landsat
madagascar_2011_82,2,47.97643,21.949526,2011,landsat
madagascar_2011_87,2,13.152543,19.159897,2011,landsat
madagascar_2011_89,2,13.67854,26.686724,2011,landsat
madagascar_2011_96,2,50.23217,28.461079,2011,landsat
madagascar_2011_99,2,54.833225,19.057201,2011,landsat
madagascar_2011_105,2,17.851032,15.7681875,2011,landsat
madagascar_2011_106,2,16.932596,19.138132,2011,landsat
madagascar_2011_109,2,22.082193,40.04467,2011,landsat
madagascar_2011_114,2,20.69267,18.636707,2011,landsat
madagascar_2011_117,2,42.0234,17.12601,2011,landsat
madagascar_2011_121,2,36.049805,29.986383,2011,landsat
madagascar_2011_132,2,43.16549,22.57133,2011,landsat
madagascar_2011_138,2,12.222428,17.87736,2011,landsat
madagascar_2011_142,2,11.081692,14.9106045,2011,landsat
madagascar_2011_157,2,9.966225,43.382645,2011,landsat
madagascar_2011_158,2,42.731754,44.264606,2011,landsat
madagascar_2011_160,2,37.497395,46.29364,2011,landsat
madagascar_2011_162,2,47.84584,45.451893,2011,landsat
madagascar_2011_165,2,9.434396,24.178,2011,landsat
madagascar_2011_171,2,39.617165,32.585213,2011,landsat
madagascar_2011_173,2,5.3960333,24.862474,2011,landsat
madagascar_2011_174,2,7.8186994,22.242033,2011,landsat
madagascar_2011_182,2,11.497605,17.064672,2011,landsat
madagascar_2011_184,2,14.778451,41.22438,2011,landsat
madagascar_2011_187,2,8.559946,39.97879,2011,landsat
madagascar_2011_200,2,7.287465,20.23894,2011,landsat
madagascar_2011_205,2,11.37794,24.605246,2011,landsat
madagascar_2011_216,2,23.438536,20.882706,2011,landsat
madagascar_2011_224,2,40.375793,14.89862,2011,landsat
madagascar_2011_226,2,17.683933,28.96401,2011,landsat
madagascar_2011_229,2,9.431428,14.126283,2011,landsat
madagascar_2011_230,2,13.477964,16.99027,2011,landsat
madagascar_2011_250,2,67.61409,23.479456,2011,landsat
madagascar_2011_253,2,42.035397,24.965494,2011,landsat
madagascar_2011_254,2,19.65638,22.560755,2011,landsat
madagascar_2011_255,2,49.233795,19.141092,2011,landsat
madagascar_2011_259,2,37.765633,21.723305,2011,landsat
madagascar_2011_261,2,18.084759,14.676137,2011,landsat
madagascar_2013_14,2,29.563028,24.95804,2013,landsat
madagascar_2013_16,2,27.604567,23.62523,2013,landsat
madagascar_2013_17,2,17.433271,22.429415,2013,landsat
madagascar_2013_21,2,48.74977,44.72001,2013,landsat
madagascar_2013_23,2,42.84707,55.476585,2013,landsat
madagascar_2013_24,2,67.45857,48.886024,2013,landsat
madagascar_2013_30,2,16.84565,22.90393,2013,landsat
madagascar_2013_31,2,24.241463,26.421824,2013,landsat
madagascar_2013_33,2,41.079468,29.44897,2013,landsat
madagascar_2013_39,2,26.252779,20.14418,2013,landsat
madagascar_2013_42,2,24.478855,21.751226,2013,landsat
madagascar_2013_49,2,53.09836,25.58505,2013,landsat
madagascar_2013_57,2,11.393957,21.95698,2013,landsat
madagascar_2013_62,2,18.28805,18.568968,2013,landsat
madagascar_2013_77,2,25.637218,24.60993,2013,landsat
madagascar_2013_79,2,14.523108,17.222416,2013,landsat
madagascar_2013_90,2,10.425992,17.59789,2013,landsat
madagascar_2013_102,2,55.86872,38.969276,2013,landsat
madagascar_2013_108,2,48.51202,41.85738,2013,landsat
madagascar_2013_110,2,18.022083,19.018185,2013,landsat
madagascar_2013_116,2,22.283295,18.859621,2013,landsat
madagascar_2013_117,2,35.23007,20.201181,2013,landsat
madagascar_2013_120,2,23.258657,26.336695,2013,landsat
madagascar_2013_124,2,19.652592,18.254223,2013,landsat
madagascar_2013_126,2,14.641381,19.274754,2013,landsat
madagascar_2013_129,2,19.199247,17.829393,2013,landsat
madagascar_2013_139,2,16.966549,17.661615,2013,landsat
madagascar_2013_140,2,44.39738,45.623817,2013,landsat
madagascar_2013_154,2,17.07542,20.449558,2013,landsat
madagascar_2013_166,2,11.590367,27.152105,2013,landsat
madagascar_2013_169,2,25.983475,42.91667,2013,landsat
madagascar_2013_177,2,8.680297,19.60076,2013,landsat
madagascar_2013_178,2,10.066198,19.85737,2013,landsat
madagascar_2013_186,2,6.670097,20.507143,2013,landsat
madagascar_2013_192,2,12.61481,18.14157,2013,landsat
madagascar_2013_197,2,7.653152,19.886805,2013,landsat
madagascar_2013_204,2,10.079724,16.818037,2013,landsat
madagascar_2013_207,2,10.7903185,30.138765,2013,landsat
madagascar_2013_212,2,10.237157,21.517155,2013,landsat
madagascar_2013_213,2,7.3290315,20.412113,2013,landsat
madagascar_2013_232,2,17.129513,17.02986,2013,landsat
madagascar_2013_236,2,13.783231,17.630636,2013,landsat
madagascar_2013_238,2,13.232945,24.809355,2013,landsat
madagascar_2013_240,2,9.811685,22.59217,2013,landsat
madagascar_2013_249,2,11.113868,16.30183,2013,landsat
madagascar_2013_258,2,15.09083,14.88839,2013,landsat
madagascar_2013_261,2,18.949976,29.404966,2013,landsat
madagascar_2013_270,2,30.684774,40.767338,2013,landsat
madagascar_2013_271,2,55.821514,36.801884,2013,landsat
madagascar_2013_274,2,19.42269,39.33238,2013,landsat
madagascar_2013_277,2,44.934177,17.27819,2013,landsat
madagascar_2013_283,2,15.271325,17.68016,2013,landsat
madagascar_2016_1,2,56.50944,39.196476,2016,landsat
madagascar_2016_2,2,31.681955,41.295048,2016,landsat
madagascar_2016_7,2,40.62873,18.27218,2016,landsat
madagascar_2016_10,2,22.080505,20.853464,2016,landsat
madagascar_2016_11,2,18.006397,22.0142,2016,landsat
madagascar_2016_14,2,43.071136,45.73247,2016,landsat
madagascar_2016_16,2,41.20682,37.31726,2016,landsat
madagascar_2016_28,2,30.831009,21.802252,2016,landsat
madagascar_2016_29,2,12.239961,22.682512,2016,landsat
madagascar_2016_30,2,12.311687,22.72768,2016,landsat
madagascar_2016_34,2,22.139315,21.167637,2016,landsat
madagascar_2016_37,2,17.547405,22.758848,2016,landsat
madagascar_2016_42,2,28.83023,27.339577,2016,landsat
madagascar_2016_43,2,20.094275,29.493008,2016,landsat
madagascar_2016_44,2,13.061186,22.2349,2016,landsat
madagascar_2016_48,2,16.228153,21.289019,2016,landsat
madagascar_2016_58,2,26.470575,23.21768,2016,landsat
madagascar_2016_64,2,11.809671,23.196264,2016,landsat
madagascar_2016_65,2,64.50878,26.017502,2016,landsat
madagascar_2016_72,2,9.284683,19.457554,2016,landsat
madagascar_2016_76,2,25.227886,32.23762,2016,landsat
madagascar_2016_77,2,29.48328,23.785229,2016,landsat
madagascar_2016_81,2,9.499526,20.089432,2016,landsat
madagascar_2016_84,2,27.15325,17.413523,2016,landsat
madagascar_2016_88,2,17.136238,22.274477,2016,landsat
madagascar_2016_91,2,28.259798,24.559479,2016,landsat
madagascar_2016_92,2,16.781605,23.82025,2016,landsat
madagascar_2016_97,2,13.57622,16.975883,2016,landsat
madagascar_2016_99,2,25.13732,16.02489,2016,landsat
madagascar_2016_109,2,13.124932,15.849129,2016,landsat
madagascar_2016_110,2,10.713174,18.567907,2016,landsat
madagascar_2016_116,2,50.594044,37.521225,2016,landsat
madagascar_2016_121,2,6.1744747,17.137281,2016,landsat
madagascar_2016_124,2,10.317467,16.958057,2016,landsat
madagascar_2016_129,2,21.392502,20.56061,2016,landsat
madagascar_2016_133,2,10.98606,18.715406,2016,landsat
madagascar_2016_140,2,17.000414,17.578346,2016,landsat
madagascar_2016_141,2,11.188438,16.88387,2016,landsat
madagascar_2016_142,2,15.10793,18.349823,2016,landsat
madagascar_2016_144,2,21.225956,18.310923,2016,landsat
madagascar_2016_149,2,48.520775,39.208275,2016,landsat
madagascar_2016_152,2,14.895183,18.131504,2016,landsat
madagascar_2016_155,2,17.782993,20.578848,2016,landsat
madagascar_2016_159,2,14.436107,15.818484,2016,landsat
madagascar_2016_167,2,37.120514,27.13748,2016,landsat
madagascar_2016_169,2,23.137259,22.872541,2016,landsat
madagascar_2016_176,2,12.667796,16.365004,2016,landsat
madagascar_2016_197,2,39.95654,41.557274,2016,landsat
madagascar_2016_199,2,16.676332,19.215452,2016,landsat
madagascar_2016_201,2,15.162217,23.96746,2016,landsat
madagascar_2016_202,2,22.353306,21.011543,2016,landsat
madagascar_2016_204,2,20.698906,16.57083,2016,landsat
madagascar_2016_211,2,37.310184,35.789024,2016,landsat
madagascar_2016_220,2,12.57254,17.084906,2016,landsat
madagascar_2016_228,2,15.93733,26.69443,2016,landsat
madagascar_2016_230,2,13.457892,16.228548,2016,landsat
madagascar_2016_231,2,8.795309,23.93683,2016,landsat
madagascar_2016_240,2,10.1486,25.273363,2016,landsat
madagascar_2016_241,2,45.69811,28.549921,2016,landsat
madagascar_2016_246,2,14.124796,26.319832,2016,landsat
madagascar_2016_257,2,12.061935,16.385668,2016,landsat
madagascar_2016_274,2,30.448776,34.873768,2016,landsat
madagascar_2016_279,2,7.3183403,22.706553,2016,landsat
madagascar_2016_297,2,22.294003,19.468908,2016,landsat
madagascar_2016_302,2,12.657895,18.189823,2016,landsat
madagascar_2016_305,2,43.294754,22.86631,2016,landsat
madagascar_2016_308,2,13.010698,20.663912,2016,landsat
madagascar_2016_309,2,14.909558,17.451632,2016,landsat
madagascar_2016_324,2,11.249044,19.363026,2016,landsat
madagascar_2016_330,2,44.21886,35.997375,2016,landsat
madagascar_2016_332,2,28.156225,16.116983,2016,landsat
madagascar_2016_345,2,36.511314,27.004614,2016,landsat
madagascar_2016_346,2,44.8677,47.129036,2016,landsat
madagascar_2016_350,2,16.93161,23.241909,2016,landsat
madagascar_2016_351,2,22.365171,23.328096,2016,landsat
madagascar_2016_365,2,16.188723,16.86205,2016,landsat
madagascar_2016_366,2,21.820892,17.409266,2016,landsat
madagascar_2016_374,2,18.62899,17.519575,2016,landsat
madagascar_2021_2,2,38.294758,44.556683,2021,landsat
madagascar_2021_3,2,38.99777,48.578598,2021,landsat
madagascar_2021_6,2,80.76571,44.711304,2021,landsat
madagascar_2021_10,2,45.78627,54.349937,2021,landsat
madagascar_2021_15,2,52.336094,52.93521,2021,landsat
madagascar_2021_17,2,40.4005,47.655476,2021,landsat
madagascar_2021_22,2,47.76579,46.016373,2021,landsat
madagascar_2021_24,2,47.016026,51.41643,2021,landsat
madagascar_2021_26,2,47.927017,52.705467,2021,landsat
madagascar_2021_27,2,61.755703,46.258957,2021,landsat
madagascar_2021_30,2,42.260162,45.318207,2021,landsat
madagascar_2021_33,2,62.054302,49.467804,2021,landsat
madagascar_2021_38,2,60.902576,56.330418,2021,landsat
madagascar_2021_39,2,57.362667,54.92575,2021,landsat
madagascar_2021_53,2,58.231083,53.861633,2021,landsat
madagascar_2021_66,2,46.77672,50.670826,2021,landsat
madagascar_2021_76,2,55.81023,44.122334,2021,landsat
madagascar_2021_78,2,75.62439,50.351418,2021,landsat
madagascar_2021_79,2,46.492836,23.076384,2021,landsat
madagascar_2021_83,2,13.644655,22.475767,2021,landsat
madagascar_2021_84,2,23.32907,22.34638,2021,landsat
madagascar_2021_92,2,30.53439,22.017881,2021,landsat
madagascar_2021_93,2,22.5214,18.821793,2021,landsat
madagascar_2021_109,2,45.78829,24.835821,2021,landsat
madagascar_2021_118,2,30.662264,22.177904,2021,landsat
madagascar_2021_124,2,20.113092,15.7949,2021,landsat
madagascar_2021_128,2,16.957195,28.953129,2021,landsat
madagascar_2021_134,2,35.702564,39.617348,2021,landsat
madagascar_2021_141,2,22.306871,22.331348,2021,landsat
madagascar_2021_142,2,26.513475,22.79865,2021,landsat
madagascar_2021_146,2,22.87365,21.164663,2021,landsat
madagascar_2021_153,2,35.89454,21.403433,2021,landsat
madagascar_2021_154,2,18.631668,22.885607,2021,landsat
madagascar_2021_169,2,17.063578,22.5356,2021,landsat
madagascar_2021_174,2,24.088871,23.38206,2021,landsat
madagascar_2021_179,2,28.674356,21.906755,2021,landsat
madagascar_2021_189,2,27.295061,18.077894,2021,landsat
madagascar_2021_190,2,8.283603,19.366098,2021,landsat
madagascar_2021_191,2,22.867315,19.916388,2021,landsat
madagascar_2021_199,2,21.438725,24.796644,2021,landsat
madagascar_2021_203,2,26.350344,23.207338,2021,landsat
madagascar_2021_205,2,18.613184,19.746725,2021,landsat
madagascar_2021_212,2,18.57773,19.717173,2021,landsat
madagascar_2021_213,2,17.582495,20.15837,2021,landsat
madagascar_2021_217,2,23.791407,20.597511,2021,landsat
madagascar_2021_219,2,15.658775,21.35618,2021,landsat
madagascar_2021_223,2,18.1412,16.344126,2021,landsat
madagascar_2021_224,2,15.950112,20.864431,2021,landsat
madagascar_2021_225,2,11.684361,19.602606,2021,landsat
madagascar_2021_226,2,39.103127,30.119596,2021,landsat
madagascar_2021_234,2,12.867602,17.92228,2021,landsat
madagascar_2021_240,2,14.131434,21.574682,2021,landsat
madagascar_2021_244,2,43.194347,34.316757,2021,landsat
madagascar_2021_251,2,16.81844,16.57804,2021,landsat
madagascar_2021_262,2,20.267662,18.882385,2021,landsat
madagascar_2021_263,2,11.444036,17.314178,2021,landsat
madagascar_2021_266,2,11.460724,19.400166,2021,landsat
madagascar_2021_268,2,22.296082,17.413673,2021,landsat
madagascar_2021_269,2,36.810654,37.267902,2021,landsat
madagascar_2021_277,2,13.895162,16.663282,2021,landsat
madagascar_2021_278,2,13.244542,20.365177,2021,landsat
madagascar_2021_291,2,15.054526,19.347223,2021,landsat
madagascar_2021_293,2,12.124621,21.123287,2021,landsat
madagascar_2021_294,2,49.726448,40.736317,2021,landsat
madagascar_2021_295,2,51.61315,44.5523,2021,landsat
madagascar_2021_297,2,49.18183,38.312958,2021,landsat
madagascar_2021_302,2,18.30984,17.339315,2021,landsat
madagascar_2021_305,2,18.681961,17.8883,2021,landsat
madagascar_2021_306,2,25.798012,20.230265,2021,landsat
madagascar_2021_314,2,16.033379,18.211824,2021,landsat
madagascar_2021_324,2,24.35757,21.800772,2021,landsat
madagascar_2021_327,2,17.496944,20.184553,2021,landsat
madagascar_2021_332,2,24.855104,27.407232,2021,landsat
madagascar_2021_340,2,26.006046,18.41622,2021,landsat
madagascar_2021_341,2,26.104477,18.28232,2021,landsat
madagascar_2021_343,2,40.344048,36.172966,2021,landsat
madagascar_2021_359,2,4.690284,18.548212,2021,landsat
madagascar_2021_362,2,30.880241,25.912476,2021,landsat
madagascar_2021_385,2,18.972706,15.586144,2021,landsat
madagascar_2021_399,2,23.435875,26.547998,2021,landsat
madagascar_2021_400,2,14.024228,16.69548,2021,landsat
madagascar_2021_405,2,18.543686,32.363724,2021,landsat
madagascar_2021_420,2,47.588516,40.892097,2021,landsat
madagascar_2021_421,2,35.489014,23.882647,2021,landsat
madagascar_2021_425,2,28.689726,22.888811,2021,landsat
madagascar_2021_427,2,18.455975,25.304766,2021,landsat
madagascar_2021_435,2,30.127756,29.110504,2021,landsat
madagascar_2021_436,2,22.811186,20.017439,2021,landsat
madagascar_2021_439,2,11.335103,20.00192,2021,landsat
madagascar_2021_441,2,27.355722,22.632689,2021,landsat
madagascar_2021_446,2,37.075382,30.409346,2021,landsat
madagascar_2021_453,2,17.55362,25.077763,2021,landsat
madagascar_2021_456,2,18.302954,22.791594,2021,landsat
madagascar_2021_457,2,36.062767,42.202545,2021,landsat
madagascar_2021_459,2,59.00308,46.494293,2021,landsat
madagascar_2021_465,2,22.52687,16.919197,2021,landsat
madagascar_2021_470,2,20.019392,17.812603,2021,landsat
madagascar_2021_471,2,19.465996,20.625252,2021,landsat
madagascar_2021_475,2,25.29077,27.02345,2021,landsat
madagascar_2021_478,2,18.603186,19.945856,2021,landsat
madagascar_2021_483,2,11.387896,14.159302,2021,landsat
madagascar_2021_485,2,51.846615,42.3524,2021,landsat
madagascar_2021_494,2,48.26634,19.47629,2021,landsat
madagascar_2021_502,2,12.639724,18.73392,2021,landsat
madagascar_2021_507,2,15.981729,32.110847,2021,landsat
madagascar_2021_516,2,13.898759,17.416365,2021,landsat
madagascar_2021_519,2,15.97771,17.43022,2021,landsat
madagascar_2021_526,2,13.067761,18.613306,2021,landsat
madagascar_2021_544,2,14.735626,17.075281,2021,landsat
madagascar_2021_553,2,16.330694,17.221533,2021,landsat
madagascar_2021_555,2,22.143456,17.152357,2021,landsat
madagascar_2021_561,2,16.078465,21.064592,2021,landsat
madagascar_2021_566,2,12.010488,22.666052,2021,landsat
madagascar_2021_570,2,22.740046,26.844244,2021,landsat
madagascar_2021_571,2,13.480626,34.351654,2021,landsat
madagascar_2021_580,2,18.441835,14.128691,2021,landsat
madagascar_2021_582,2,17.045483,15.283796,2021,landsat
madagascar_2021_587,2,28.02789,16.621244,2021,landsat
madagascar_2021_591,2,15.6535225,16.368399,2021,landsat
madagascar_2021_598,2,51.57188,51.51827,2021,landsat
madagascar_2021_605,2,47.181713,32.63691,2021,landsat
madagascar_2021_624,2,21.252575,24.008142,2021,landsat
madagascar_2021_626,2,44.25238,34.214153,2021,landsat
madagascar_2021_630,2,26.799091,30.150833,2021,landsat
madagascar_2021_632,2,33.53046,27.308228,2021,landsat
madagascar_2021_648,2,32.187275,23.866648,2021,landsat
madagascar_2021_653,2,27.587301,17.485468,2021,landsat
madagascar_1997_3,3,24.232523,32.99463,1997,landsat
madagascar_1997_13,3,31.261631,26.698532,1997,landsat
madagascar_1997_25,3,33.34958,30.777874,1997,landsat
madagascar_1997_29,3,32.79582,40.380806,1997,landsat
madagascar_1997_30,3,34.074203,38.31396,1997,landsat
madagascar_1997_33,3,40.072433,43.858696,1997,landsat
madagascar_1997_43,3,49.867348,39.210308,1997,landsat
madagascar_1997_45,3,74.62916,37.725315,1997,landsat
madagascar_1997_47,3,44.83938,43.923744,1997,landsat
madagascar_1997_49,3,35.370213,39.77287,1997,landsat
madagascar_1997_50,3,34.47793,39.781017,1997,landsat
madagascar_1997_59,3,18.122715,21.591253,1997,landsat
madagascar_1997_60,3,22.554775,17.426733,1997,landsat
madagascar_1997_81,3,35.371536,25.803026,1997,landsat
madagascar_1997_86,3,10.79328,12.70027,1997,landsat
madagascar_1997_93,3,31.911457,21.668552,1997,landsat
madagascar_1997_100,3,13.923726,15.647183,1997,landsat
madagascar_1997_103,3,10.312434,17.22375,1997,landsat
madagascar_1997_104,3,9.33281,16.042322,1997,landsat
madagascar_1997_107,3,10.244797,17.264563,1997,landsat
madagascar_1997_137,3,17.076591,14.032211,1997,landsat
madagascar_1997_143,3,11.409882,16.886864,1997,landsat
madagascar_1997_149,3,18.240973,16.743273,1997,landsat
madagascar_1997_158,3,13.355149,16.08847,1997,landsat
madagascar_1997_161,3,20.791178,34.88452,1997,landsat
madagascar_1997_164,3,20.286657,18.883173,1997,landsat
madagascar_1997_166,3,11.0574875,16.792473,1997,landsat
madagascar_1997_172,3,9.648575,19.589828,1997,landsat
madagascar_1997_174,3,8.1113825,16.449114,1997,landsat
madagascar_1997_184,3,11.388406,17.342943,1997,landsat
madagascar_1997_186,3,11.471214,11.563644,1997,landsat
madagascar_1997_189,3,10.758438,19.070606,1997,landsat
madagascar_1997_192,3,12.738806,16.09443,1997,landsat
madagascar_1997_199,3,34.456356,17.491426,1997,landsat
madagascar_1997_204,3,12.250439,16.675554,1997,landsat
madagascar_1997_205,3,10.766899,14.760207,1997,landsat
madagascar_1997_223,3,10.135906,18.738789,1997,landsat
madagascar_1997_228,3,10.334943,16.857306,1997,landsat
madagascar_1997_230,3,12.01594,15.3090925,1997,landsat
madagascar_1997_234,3,12.046107,14.498984,1997,landsat
madagascar_1997_238,3,31.200111,31.954626,1997,landsat
madagascar_1997_252,3,10.682512,15.6481695,1997,landsat
madagascar_1997_258,3,14.230977,18.692469,1997,landsat
madagascar_1997_270,3,16.631874,16.911425,1997,landsat
madagascar_2008_8,3,82.10846,49.586773,2008,landsat
madagascar_2008_13,3,71.55065,56.26814,2008,landsat
madagascar_2008_14,3,37.271618,51.62898,2008,landsat
madagascar_2008_18,3,70.290245,57.98994,2008,landsat
madagascar_2008_22,3,57.252827,53.692013,2008,landsat
madagascar_2008_29,3,49.046886,53.217907,2008,landsat
madagascar_2008_34,3,57.073936,55.835262,2008,landsat
madagascar_2008_44,3,37.54243,58.4533,2008,landsat
madagascar_2008_50,3,37.91912,48.665546,2008,landsat
madagascar_2008_52,3,43.571373,43.654198,2008,landsat
madagascar_2008_57,3,27.67387,40.136303,2008,landsat
madagascar_2008_60,3,14.339157,18.747984,2008,landsat
madagascar_2008_79,3,29.493025,31.037066,2008,landsat
madagascar_2009_83,3,15.651462,18.786474,2009,landsat
madagascar_2008_101,3,32.86255,28.966951,2008,landsat
madagascar_2008_110,3,15.915929,26.9359,2008,landsat
madagascar_2008_111,3,13.663733,14.941598,2008,landsat
madagascar_2008_140,3,18.741762,16.839006,2008,landsat
madagascar_2008_146,3,16.524784,18.732225,2008,landsat
madagascar_2009_154,3,40.084328,42.618572,2009,landsat
madagascar_2009_156,3,23.622986,31.197405,2009,landsat
madagascar_2008_159,3,11.711525,20.424248,2008,landsat
madagascar_2009_161,3,20.197277,17.893667,2009,landsat
madagascar_2009_163,3,6.579979,21.938475,2009,landsat
madagascar_2009_167,3,19.738966,21.190767,2009,landsat
madagascar_2009_172,3,19.84963,20.282806,2009,landsat
madagascar_2009_177,3,5.43942,16.912539,2009,landsat
madagascar_2009_178,3,19.381996,16.519274,2009,landsat
madagascar_2009_183,3,56.37189,27.969946,2009,landsat
madagascar_2009_184,3,19.025349,30.785429,2009,landsat
madagascar_2009_190,3,18.583004,17.546774,2009,landsat
madagascar_2009_191,3,18.322521,16.396517,2009,landsat
madagascar_2009_195,3,16.995152,20.63188,2009,landsat
madagascar_2009_197,3,17.835289,21.330622,2009,landsat
madagascar_2009_199,3,9.6977,19.704416,2009,landsat
madagascar_2009_203,3,15.462265,16.232466,2009,landsat
madagascar_2009_204,3,13.462834,16.352148,2009,landsat
madagascar_2009_209,3,41.048985,26.535038,2009,landsat
madagascar_2009_215,3,20.252703,23.706951,2009,landsat
madagascar_2009_224,3,20.975424,29.384476,2009,landsat
madagascar_2009_231,3,25.321093,23.074322,2009,landsat
madagascar_2009_235,3,24.72319,17.880598,2009,landsat
madagascar_2009_236,3,24.904741,16.8244,2009,landsat
madagascar_2009_245,3,18.756573,15.737474,2009,landsat
madagascar_2008_248,3,26.949133,20.75355,2008,landsat
madagascar_2009_258,3,19.867685,16.757772,2009,landsat
madagascar_2009_266,3,21.311197,17.954355,2009,landsat
madagascar_2009_272,3,17.792257,16.395863,2009,landsat
madagascar_2009_278,3,43.49059,42.344852,2009,landsat
madagascar_2009_308,3,15.199872,13.324221,2009,landsat
madagascar_2009_312,3,16.854216,16.412928,2009,landsat
madagascar_2009_320,3,15.482636,17.098663,2009,landsat
madagascar_2009_322,3,13.190943,16.676939,2009,landsat
madagascar_2009_324,3,16.451675,14.03311,2009,landsat
madagascar_2009_333,3,41.53788,33.559746,2009,landsat
madagascar_2009_334,3,53.386215,41.649494,2009,landsat
madagascar_2009_335,3,40.23631,31.798866,2009,landsat
madagascar_2009_339,3,18.341684,17.47724,2009,landsat
madagascar_2009_342,3,53.837822,43.682842,2009,landsat
madagascar_2009_344,3,19.853321,17.632088,2009,landsat
madagascar_2008_358,3,9.053274,17.55239,2008,landsat
madagascar_2009_382,3,19.247334,64.33488,2009,landsat
madagascar_2009_389,3,18.719013,16.660755,2009,landsat
madagascar_2008_407,3,28.063753,18.554466,2008,landsat
madagascar_2009_435,3,6.6582274,13.047449,2009,landsat
madagascar_2009_442,3,11.698446,13.283598,2009,landsat
madagascar_2009_447,3,17.510777,19.160467,2009,landsat
madagascar_2009_452,3,49.592667,37.95805,2009,landsat
madagascar_2009_456,3,32.301945,38.4208,2009,landsat
madagascar_2009_468,3,15.473761,19.662601,2009,landsat
madagascar_2009_469,3,17.202166,16.721064,2009,landsat
madagascar_2008_471,3,46.098724,42.68556,2008,landsat
madagascar_2009_479,3,14.529267,22.680414,2009,landsat
madagascar_2009_484,3,29.366407,14.089197,2009,landsat
madagascar_2009_485,3,20.779116,21.254496,2009,landsat
madagascar_2009_487,3,20.42595,13.856769,2009,landsat
madagascar_2009_490,3,20.201317,15.84798,2009,landsat
madagascar_2009_491,3,18.249805,13.348717,2009,landsat
madagascar_2009_492,3,15.237432,19.52849,2009,landsat
madagascar_2009_493,3,19.218035,15.652985,2009,landsat
madagascar_2009_498,3,15.1746025,27.459576,2009,landsat
madagascar_2009_504,3,21.468935,32.239285,2009,landsat
madagascar_2009_520,3,19.513895,12.342234,2009,landsat
madagascar_2009_522,3,18.039526,16.17723,2009,landsat
madagascar_2009_524,3,19.738262,15.00555,2009,landsat
madagascar_2009_526,3,18.22413,18.346613,2009,landsat
madagascar_2009_527,3,17.440834,19.015465,2009,landsat
madagascar_2009_532,3,43.533115,28.856287,2009,landsat
madagascar_2009_545,3,13.279838,14.951382,2009,landsat
madagascar_2009_553,3,10.947712,26.298456,2009,landsat
madagascar_2009_559,3,41.13022,43.057068,2009,landsat
madagascar_2009_573,3,17.876444,17.193293,2009,landsat
madagascar_2008_576,3,12.569872,15.2818775,2008,landsat
madagascar_2009_583,3,16.568155,49.019466,2009,landsat
madagascar_2009_585,3,11.562895,18.318201,2009,landsat
madagascar_2009_586,3,14.210381,18.325075,2009,landsat
madagascar_2009_590,3,11.900623,17.197824,2009,landsat
madagascar_2009_591,3,28.532345,23.445486,2009,landsat
madagascar_2011_2,3,42.969044,21.56982,2011,landsat
madagascar_2011_12,3,27.352297,35.25394,2011,landsat
madagascar_2011_16,3,17.160982,30.642403,2011,landsat
madagascar_2011_22,3,54.018257,19.497004,2011,landsat
madagascar_2011_26,3,20.95132,24.44768,2011,landsat
madagascar_2011_27,3,18.823935,21.623354,2011,landsat
madagascar_2011_30,3,45.803223,19.76319,2011,landsat
madagascar_2011_40,3,38.168533,45.866306,2011,landsat
madagascar_2011_41,3,18.08877,20.213026,2011,landsat
madagascar_2011_42,3,14.036194,38.637493,2011,landsat
madagascar_2011_48,3,18.156893,17.934862,2011,landsat
madagascar_2011_50,3,11.496616,17.922405,2011,landsat
madagascar_2011_51,3,15.194312,28.73178,2011,landsat
madagascar_2011_56,3,24.285358,15.066279,2011,landsat
madagascar_2011_62,3,46.31752,20.230963,2011,landsat
madagascar_2011_63,3,39.59192,17.67518,2011,landsat
madagascar_2011_67,3,25.469576,19.29667,2011,landsat
madagascar_2011_69,3,21.03272,16.373388,2011,landsat
madagascar_2011_70,3,22.453316,16.933538,2011,landsat
madagascar_2011_72,3,13.666232,15.923105,2011,landsat
madagascar_2011_78,3,18.326805,23.323591,2011,landsat
madagascar_2011_81,3,17.074734,17.426836,2011,landsat
madagascar_2011_84,3,14.398856,17.869158,2011,landsat
madagascar_2011_86,3,13.31744,11.281439,2011,landsat
madagascar_2011_90,3,11.2894745,24.344477,2011,landsat
madagascar_2011_92,3,7.2419996,18.62046,2011,landsat
madagascar_2011_94,3,60.585712,11.710147,2011,landsat
madagascar_2011_107,3,18.16295,36.9214,2011,landsat
madagascar_2011_111,3,23.338495,36.426212,2011,landsat
madagascar_2011_116,3,17.601652,17.792013,2011,landsat
madagascar_2011_131,3,38.258705,15.781331,2011,landsat
madagascar_2011_136,3,18.912683,23.15524,2011,landsat
madagascar_2011_139,3,14.52796,16.384226,2011,landsat
madagascar_2011_147,3,9.518763,18.778679,2011,landsat
madagascar_2011_150,3,10.235665,29.97386,2011,landsat
madagascar_2011_152,3,49.495228,17.373392,2011,landsat
madagascar_2011_168,3,7.622082,46.65816,2011,landsat
madagascar_2011_169,3,6.9957843,46.260807,2011,landsat
madagascar_2011_170,3,13.486284,45.64742,2011,landsat
madagascar_2011_176,3,9.132718,15.410037,2011,landsat
madagascar_2011_181,3,7.203873,15.342239,2011,landsat
madagascar_2011_188,3,23.507032,37.744442,2011,landsat
madagascar_2011_191,3,10.0036,25.156326,2011,landsat
madagascar_2011_193,3,15.850296,20.091406,2011,landsat
madagascar_2011_199,3,10.891092,26.967499,2011,landsat
madagascar_2011_206,3,14.44919,21.468317,2011,landsat
madagascar_2011_211,3,15.068752,17.817293,2011,landsat
madagascar_2011_213,3,8.0650835,22.9583,2011,landsat
madagascar_2011_215,3,9.893758,36.930756,2011,landsat
madagascar_2011_220,3,12.284543,25.18075,2011,landsat
madagascar_2011_221,3,16.15512,17.543161,2011,landsat
madagascar_2011_234,3,11.39876,39.45048,2011,landsat
madagascar_2011_235,3,18.835812,18.68076,2011,landsat
madagascar_2011_237,3,10.932514,36.260223,2011,landsat
madagascar_2011_241,3,16.185904,39.943886,2011,landsat
madagascar_2011_245,3,15.597201,15.487731,2011,landsat
madagascar_2011_247,3,15.358309,18.615093,2011,landsat
madagascar_2011_256,3,35.79817,16.307812,2011,landsat
madagascar_2011_258,3,17.638065,16.285028,2011,landsat
madagascar_2011_260,3,20.818779,34.29999,2011,landsat
madagascar_2011_266,3,25.944204,17.636526,2011,landsat
madagascar_2011_267,3,47.96584,33.41748,2011,landsat
madagascar_2013_11,3,12.905507,17.001339,2013,landsat
madagascar_2013_15,3,29.887363,22.391489,2013,landsat
madagascar_2013_34,3,44.233936,21.260553,2013,landsat
madagascar_2013_43,3,46.937313,44.03118,2013,landsat
madagascar_2013_45,3,27.00246,19.805468,2013,landsat
madagascar_2013_52,3,19.984684,17.960867,2013,landsat
madagascar_2013_56,3,12.718793,18.827862,2013,landsat
madagascar_2013_59,3,18.79611,18.478676,2013,landsat
madagascar_2013_63,3,17.51539,22.722233,2013,landsat
madagascar_2013_73,3,14.6367655,28.46248,2013,landsat
madagascar_2013_74,3,28.860023,20.711918,2013,landsat
madagascar_2013_76,3,19.087173,23.401188,2013,landsat
madagascar_2013_84,3,20.46406,17.060421,2013,landsat
madagascar_2013_87,3,18.217388,20.23166,2013,landsat
madagascar_2013_88,3,17.333956,19.94201,2013,landsat
madagascar_2013_92,3,44.121292,38.53082,2013,landsat
madagascar_2013_93,3,11.431275,18.826803,2013,landsat
madagascar_2013_94,3,17.47693,14.517617,2013,landsat
madagascar_2013_98,3,11.190489,23.114565,2013,landsat
madagascar_2013_105,3,35.76398,43.836945,2013,landsat
madagascar_2013_114,3,13.5822735,19.06228,2013,landsat
madagascar_2013_121,3,23.29563,16.787289,2013,landsat
madagascar_2013_125,3,28.378994,17.676321,2013,landsat
madagascar_2013_131,3,54.790806,46.338543,2013,landsat
madagascar_2013_141,3,57.424522,47.67496,2013,landsat
madagascar_2013_165,3,6.675868,21.191122,2013,landsat
madagascar_2013_168,3,14.076067,17.438713,2013,landsat
madagascar_2013_176,3,22.32136,15.576984,2013,landsat
madagascar_2013_182,3,12.677075,17.63817,2013,landsat
madagascar_2013_185,3,7.8879323,28.990679,2013,landsat
madagascar_2013_189,3,15.339057,19.290773,2013,landsat
madagascar_2013_195,3,9.934871,33.335533,2013,landsat
madagascar_2013_199,3,6.972067,15.503444,2013,landsat
madagascar_2013_205,3,13.419261,17.222136,2013,landsat
madagascar_2013_218,3,14.161596,22.08188,2013,landsat
madagascar_2013_222,3,12.077826,13.700822,2013,landsat
madagascar_2013_230,3,12.767343,13.559574,2013,landsat
madagascar_2013_231,3,12.751603,20.448374,2013,landsat
madagascar_2013_244,3,35.62924,27.744196,2013,landsat
madagascar_2013_245,3,21.379078,31.908794,2013,landsat
madagascar_2013_257,3,39.26845,31.15251,2013,landsat
madagascar_2013_279,3,13.319687,22.5945,2013,landsat
madagascar_2016_9,3,29.873705,19.957445,2016,landsat
madagascar_2016_24,3,22.102333,21.864088,2016,landsat
madagascar_2016_31,3,12.519896,19.32213,2016,landsat
madagascar_2016_32,3,13.544789,19.365759,2016,landsat
madagascar_2016_39,3,26.916384,29.929457,2016,landsat
madagascar_2016_40,3,18.6174,19.715315,2016,landsat
madagascar_2016_45,3,19.20068,22.131407,2016,landsat
madagascar_2016_50,3,33.246315,44.678585,2016,landsat
madagascar_2016_54,3,19.45643,17.675322,2016,landsat
madagascar_2016_71,3,8.191304,19.157476,2016,landsat
madagascar_2016_74,3,49.67306,20.574099,2016,landsat
madagascar_2016_75,3,7.2863464,17.197931,2016,landsat
madagascar_2016_79,3,20.941582,18.744972,2016,landsat
madagascar_2016_83,3,17.085098,21.481672,2016,landsat
madagascar_2016_86,3,40.92216,39.57618,2016,landsat
madagascar_2016_87,3,12.453256,16.684599,2016,landsat
madagascar_2016_98,3,12.082523,16.874235,2016,landsat
madagascar_2016_108,3,43.970387,21.072046,2016,landsat
madagascar_2016_113,3,18.922129,19.223587,2016,landsat
madagascar_2016_117,3,13.78903,17.92922,2016,landsat
madagascar_2016_123,3,26.566689,19.29345,2016,landsat
madagascar_2016_134,3,10.193807,19.199707,2016,landsat
madagascar_2016_135,3,11.146409,17.782934,2016,landsat
madagascar_2016_148,3,60.022354,46.43475,2016,landsat
madagascar_2016_150,3,57.721,48.72351,2016,landsat
madagascar_2016_156,3,13.495867,17.780037,2016,landsat
madagascar_2016_158,3,13.936671,16.94884,2016,landsat
madagascar_2016_170,3,25.319443,23.069078,2016,landsat
madagascar_2016_172,3,36.507664,36.80527,2016,landsat
madagascar_2016_175,3,20.841074,16.626335,2016,landsat
madagascar_2016_179,3,17.270727,18.011671,2016,landsat
madagascar_2016_181,3,21.306206,17.0338,2016,landsat
madagascar_2016_184,3,13.076335,17.72597,2016,landsat
madagascar_2016_186,3,36.388554,29.16298,2016,landsat
madagascar_2016_187,3,20.8948,17.00889,2016,landsat
madagascar_2016_190,3,15.355484,16.972307,2016,landsat
madagascar_2016_194,3,16.268993,19.903963,2016,landsat
madagascar_2016_203,3,49.557365,56.145588,2016,landsat
madagascar_2016_207,3,11.746381,18.402021,2016,landsat
madagascar_2016_209,3,56.82083,48.466106,2016,landsat
madagascar_2016_212,3,51.729862,45.15847,2016,landsat
madagascar_2016_216,3,7.4441557,17.028778,2016,landsat
madagascar_2016_219,3,38.745113,35.9214,2016,landsat
madagascar_2016_225,3,15.24113,20.542402,2016,landsat
madagascar_2016_226,3,8.047577,16.248251,2016,landsat
madagascar_2016_237,3,5.874965,18.62847,2016,landsat
madagascar_2016_243,3,19.256474,20.364573,2016,landsat
madagascar_2016_244,3,9.256225,18.787863,2016,landsat
madagascar_2016_247,3,15.163924,19.794298,2016,landsat
madagascar_2016_248,3,26.764427,20.340994,2016,landsat
madagascar_2016_258,3,6.209602,17.63917,2016,landsat
madagascar_2016_259,3,9.175888,16.855633,2016,landsat
madagascar_2016_268,3,12.5628,9.118541,2016,landsat
madagascar_2016_269,3,23.788534,36.142242,2016,landsat
madagascar_2016_270,3,9.3192625,16.175089,2016,landsat
madagascar_2016_272,3,9.776523,21.814205,2016,landsat
madagascar_2016_275,3,9.361512,24.25242,2016,landsat
madagascar_2016_281,3,6.3326454,16.599295,2016,landsat
madagascar_2016_288,3,9.46075,18.821619,2016,landsat
madagascar_2016_292,3,7.8645334,11.726965,2016,landsat
madagascar_2016_301,3,14.776199,14.873455,2016,landsat
madagascar_2016_307,3,11.766411,16.017197,2016,landsat
madagascar_2016_311,3,38.353653,40.35172,2016,landsat
madagascar_2016_315,3,14.416465,19.03439,2016,landsat
madagascar_2016_323,3,22.86191,20.519001,2016,landsat
madagascar_2016_333,3,22.821863,13.526392,2016,landsat
madagascar_2016_334,3,31.811977,17.785025,2016,landsat
madagascar_2016_335,3,13.889695,20.987776,2016,landsat
madagascar_2016_336,3,23.217985,18.232191,2016,landsat
madagascar_2016_341,3,15.087847,18.53528,2016,landsat
madagascar_2016_344,3,14.715333,24.567146,2016,landsat
madagascar_2016_355,3,23.46043,32.329998,2016,landsat
madagascar_2016_362,3,13.324709,17.378885,2016,landsat
madagascar_2021_11,3,56.911198,51.785328,2021,landsat
madagascar_2021_16,3,45.606346,55.249302,2021,landsat
madagascar_2021_19,3,67.29901,55.27398,2021,landsat
madagascar_2021_21,3,38.693695,48.613216,2021,landsat
madagascar_2021_43,3,46.165215,48.40331,2021,landsat
madagascar_2021_47,3,50.314247,48.81698,2021,landsat
madagascar_2021_54,3,28.368225,19.787222,2021,landsat
madagascar_2021_63,3,50.980686,64.346176,2021,landsat
madagascar_2021_69,3,55.921772,47.39783,2021,landsat
madagascar_2021_70,3,50.90593,56.482616,2021,landsat
madagascar_2021_73,3,17.63822,18.081947,2021,landsat
madagascar_2021_75,3,33.559982,21.618635,2021,landsat
madagascar_2021_88,3,19.932518,22.539145,2021,landsat
madagascar_2021_94,3,7.4385514,18.148693,2021,landsat
madagascar_2021_98,3,21.13579,19.737547,2021,landsat
madagascar_2021_107,3,24.440344,22.313978,2021,landsat
madagascar_2021_111,3,34.916958,26.308346,2021,landsat
madagascar_2021_112,3,25.726086,20.12907,2021,landsat
madagascar_2021_117,3,31.500662,25.563532,2021,landsat
madagascar_2021_120,3,22.271666,24.576725,2021,landsat
madagascar_2021_136,3,22.786247,18.019207,2021,landsat
madagascar_2021_147,3,29.424875,19.192293,2021,landsat
madagascar_2021_157,3,35.786247,19.362528,2021,landsat
madagascar_2021_158,3,20.827045,20.239973,2021,landsat
madagascar_2021_161,3,58.129322,43.694958,2021,landsat
madagascar_2021_162,3,40.759983,43.302998,2021,landsat
madagascar_2021_168,3,14.238053,19.264929,2021,landsat
madagascar_2021_172,3,23.353308,18.845266,2021,landsat
madagascar_2021_181,3,25.760513,22.000383,2021,landsat
madagascar_2021_185,3,26.020405,23.887815,2021,landsat
madagascar_2021_188,3,39.12976,35.960567,2021,landsat
madagascar_2021_198,3,47.11076,23.236734,2021,landsat
madagascar_2021_206,3,13.236356,18.698364,2021,landsat
madagascar_2021_209,3,12.93841,14.681116,2021,landsat
madagascar_2021_210,3,13.289153,16.726694,2021,landsat
madagascar_2021_216,3,19.92332,17.865135,2021,landsat
madagascar_2021_232,3,39.380344,22.74439,2021,landsat
madagascar_2021_233,3,14.135366,17.158632,2021,landsat
madagascar_2021_246,3,21.26159,16.306822,2021,landsat
madagascar_2021_247,3,25.003508,15.975233,2021,landsat
madagascar_2021_260,3,41.16245,16.83028,2021,landsat
madagascar_2021_261,3,16.912237,16.862297,2021,landsat
madagascar_2021_264,3,11.299669,17.876833,2021,landsat
madagascar_2021_276,3,13.20285,16.428389,2021,landsat
madagascar_2021_286,3,12.435206,16.173735,2021,landsat
madagascar_2021_300,3,27.293148,20.518684,2021,landsat
madagascar_2021_307,3,22.183954,17.35523,2021,landsat
madagascar_2021_308,3,21.10309,20.495115,2021,landsat
madagascar_2021_309,3,16.494797,16.246494,2021,landsat
madagascar_2021_313,3,13.710319,23.653994,2021,landsat
madagascar_2021_317,3,14.696845,16.459394,2021,landsat
madagascar_2021_319,3,16.816813,20.666136,2021,landsat
madagascar_2021_321,3,27.794975,17.031378,2021,landsat
madagascar_2021_325,3,27.04001,17.976816,2021,landsat
madagascar_2021_329,3,21.553738,19.95704,2021,landsat
madagascar_2021_335,3,31.6335,21.196663,2021,landsat
madagascar_2021_339,3,61.08019,28.078909,2021,landsat
madagascar_2021_345,3,31.000528,19.856035,2021,landsat
madagascar_2021_346,3,27.341898,17.36658,2021,landsat
madagascar_2021_355,3,26.25474,19.83623,2021,landsat
madagascar_2021_356,3,18.883741,18.835485,2021,landsat
madagascar_2021_374,3,20.081339,17.098925,2021,landsat
madagascar_2021_378,3,57.447662,45.24198,2021,landsat
madagascar_2021_381,3,57.088177,47.14409,2021,landsat
madagascar_2021_383,3,21.231054,25.039782,2021,landsat
madagascar_2021_393,3,21.003986,19.32442,2021,landsat
madagascar_2021_395,3,37.35122,35.62193,2021,landsat
madagascar_2021_397,3,16.909286,21.683544,2021,landsat
madagascar_2021_401,3,17.779152,17.573683,2021,landsat
madagascar_2021_402,3,10.455974,19.77779,2021,landsat
madagascar_2021_406,3,18.982496,16.594004,2021,landsat
madagascar_2021_411,3,43.71512,34.57709,2021,landsat
madagascar_2021_413,3,27.422087,21.817942,2021,landsat
madagascar_2021_415,3,25.754927,18.184204,2021,landsat
madagascar_2021_417,3,16.762205,19.52517,2021,landsat
madagascar_2021_418,3,16.822985,22.045969,2021,landsat
madagascar_2021_419,3,16.137936,15.51608,2021,landsat
madagascar_2021_433,3,29.473541,20.357624,2021,landsat
madagascar_2021_443,3,18.733545,20.3556,2021,landsat
madagascar_2021_455,3,16.531054,23.662392,2021,landsat
madagascar_2021_468,3,42.69951,20.228292,2021,landsat
madagascar_2021_469,3,13.211848,14.691303,2021,landsat
madagascar_2021_479,3,18.482569,19.559856,2021,landsat
madagascar_2021_480,3,13.766381,10.8386545,2021,landsat
madagascar_2021_482,3,23.004063,15.33628,2021,landsat
madagascar_2021_493,3,21.431929,18.393248,2021,landsat
madagascar_2021_501,3,19.794413,16.798857,2021,landsat
madagascar_2021_506,3,15.797278,16.027246,2021,landsat
madagascar_2021_508,3,13.988886,15.857783,2021,landsat
madagascar_2021_518,3,21.239353,13.929441,2021,landsat
madagascar_2021_523,3,12.823942,13.478666,2021,landsat
madagascar_2021_524,3,17.275671,13.560077,2021,landsat
madagascar_2021_532,3,11.347058,10.88303,2021,landsat
madagascar_2021_539,3,13.684025,15.459127,2021,landsat
madagascar_2021_545,3,14.603285,20.255737,2021,landsat
madagascar_2021_546,3,16.558949,18.16015,2021,landsat
madagascar_2021_548,3,19.431904,21.544004,2021,landsat
madagascar_2021_549,3,15.904843,24.04674,2021,landsat
madagascar_2021_552,3,50.230843,33.864964,2021,landsat
madagascar_2021_558,3,18.229307,16.068592,2021,landsat
madagascar_2021_569,3,47.48545,29.880693,2021,landsat
madagascar_2021_573,3,22.070166,18.7311,2021,landsat
madagascar_2021_574,3,19.879164,20.81211,2021,landsat
madagascar_2021_576,3,19.110458,18.690788,2021,landsat
madagascar_2021_578,3,21.975664,27.986973,2021,landsat
madagascar_2021_579,3,15.660629,29.218693,2021,landsat
madagascar_2021_589,3,15.85604,15.914112,2021,landsat
madagascar_2021_592,3,17.294434,16.898315,2021,landsat
madagascar_2021_593,3,28.872536,18.112242,2021,landsat
madagascar_2021_594,3,19.319422,15.908056,2021,landsat
madagascar_2021_597,3,55.101433,48.188564,2021,landsat
madagascar_2021_599,3,54.995647,49.800373,2021,landsat
madagascar_2021_601,3,45.039684,22.870588,2021,landsat
madagascar_2021_606,3,51.916313,46.96686,2021,landsat
madagascar_2021_613,3,19.17322,20.72843,2021,landsat
madagascar_2021_628,3,25.43918,25.911036,2021,landsat
madagascar_2021_641,3,22.489414,25.603012,2021,landsat
madagascar_2021_645,3,28.087515,17.867907,2021,landsat
madagascar_2021_652,3,29.480415,22.503122,2021,landsat
madagascar_2021_654,3,24.334944,19.125158,2021,landsat
madagascar_2021_656,3,27.580128,20.700117,2021,landsat
madagascar_1997_5,4,39.61719,49.07983,1997,landsat
madagascar_1997_15,4,36.955036,36.558792,1997,landsat
madagascar_1997_32,4,32.65294,47.160015,1997,landsat
madagascar_1997_41,4,61.60155,36.534485,1997,landsat
madagascar_1997_48,4,39.41044,42.62026,1997,landsat
madagascar_1997_56,4,10.8369,18.04855,1997,landsat
madagascar_1997_58,4,18.446043,17.413368,1997,landsat
madagascar_1997_63,4,10.852596,18.940826,1997,landsat
madagascar_1997_68,4,14.221779,19.313995,1997,landsat
madagascar_1997_71,4,15.958004,16.719326,1997,landsat
madagascar_1997_72,4,11.0417595,19.314957,1997,landsat
madagascar_1997_75,4,12.620662,13.667909,1997,landsat
madagascar_1997_82,4,44.138287,15.4832535,1997,landsat
madagascar_1997_83,4,10.104776,18.997131,1997,landsat
madagascar_1997_87,4,8.089259,14.66136,1997,landsat
madagascar_1997_91,4,10.373555,16.905148,1997,landsat
madagascar_1997_96,4,11.542344,19.086514,1997,landsat
madagascar_1997_101,4,16.831184,18.918022,1997,landsat
madagascar_1997_106,4,9.29629,19.006453,1997,landsat
madagascar_1997_113,4,9.636807,13.929749,1997,landsat
madagascar_1997_114,4,12.495972,17.830627,1997,landsat
madagascar_1997_115,4,9.85832,19.12809,1997,landsat
madagascar_1997_130,4,10.702961,18.654667,1997,landsat
madagascar_1997_135,4,10.19466,19.347075,1997,landsat
madagascar_1997_138,4,12.990077,21.143122,1997,landsat
madagascar_1997_146,4,11.132162,19.325731,1997,landsat
madagascar_1997_147,4,13.411484,19.173004,1997,landsat
madagascar_1997_148,4,10.609981,18.689026,1997,landsat
madagascar_1997_150,4,12.797919,19.250126,1997,landsat
madagascar_1997_152,4,15.087356,20.855072,1997,landsat
madagascar_1997_153,4,15.281795,26.312857,1997,landsat
madagascar_1997_163,4,42.51442,38.66805,1997,landsat
madagascar_1997_165,4,8.761137,19.919512,1997,landsat
madagascar_1997_170,4,19.0755,16.492489,1997,landsat
madagascar_1997_175,4,10.832546,14.912285,1997,landsat
madagascar_1997_177,4,8.515056,17.526413,1997,landsat
madagascar_1997_188,4,12.319026,16.92957,1997,landsat
madagascar_1997_196,4,15.495795,15.729993,1997,landsat
madagascar_1997_200,4,10.258301,20.131054,1997,landsat
madagascar_1997_207,4,12.414701,19.77055,1997,landsat
madagascar_1997_219,4,10.061089,15.240601,1997,landsat
madagascar_1997_224,4,9.627361,22.322111,1997,landsat
madagascar_1997_227,4,12.796139,18.412472,1997,landsat
madagascar_1997_242,4,39.983585,18.476042,1997,landsat
madagascar_1997_248,4,14.953344,24.068487,1997,landsat
madagascar_1997_250,4,12.073809,19.33038,1997,landsat
madagascar_1997_253,4,11.132768,19.190054,1997,landsat
madagascar_1997_256,4,10.834563,19.65649,1997,landsat
madagascar_1997_260,4,12.336886,13.884928,1997,landsat
madagascar_1997_265,4,13.686993,17.73568,1997,landsat
madagascar_1997_266,4,12.053242,15.0408745,1997,landsat
madagascar_1997_269,4,17.077106,17.625399,1997,landsat
madagascar_2008_4,4,46.228416,61.12245,2008,landsat
madagascar_2008_25,4,38.91434,64.881386,2008,landsat
madagascar_2008_26,4,29.673565,60.04841,2008,landsat
madagascar_2008_30,4,28.061298,58.119762,2008,landsat
madagascar_2008_41,4,57.04826,65.77179,2008,landsat
madagascar_2008_56,4,48.694576,39.834137,2008,landsat
madagascar_2008_62,4,37.09592,19.262913,2008,landsat
madagascar_2008_71,4,43.135933,41.6617,2008,landsat
madagascar_2009_90,4,16.36163,14.952784,2009,landsat
madagascar_2009_96,4,17.834139,19.736734,2009,landsat
madagascar_2008_106,4,36.480576,22.592323,2008,landsat
madagascar_2008_107,4,14.099386,19.252546,2008,landsat
madagascar_2008_108,4,16.043734,20.927292,2008,landsat
madagascar_2008_115,4,12.119305,19.835789,2008,landsat
madagascar_2009_125,4,24.56108,16.241064,2009,landsat
madagascar_2008_134,4,24.614557,12.894513,2008,landsat
madagascar_2009_152,4,35.646393,40.555504,2009,landsat
madagascar_2009_153,4,54.371284,45.26948,2009,landsat
madagascar_2008_160,4,12.830213,19.863348,2008,landsat
madagascar_2009_164,4,8.052937,19.627844,2009,landsat
madagascar_2009_170,4,26.456522,23.055576,2009,landsat
madagascar_2009_171,4,14.693522,19.72377,2009,landsat
madagascar_2009_180,4,5.736088,17.966047,2009,landsat
madagascar_2009_182,4,53.41151,36.41088,2009,landsat
madagascar_2009_188,4,5.960261,17.101656,2009,landsat
madagascar_2009_194,4,23.856466,19.589413,2009,landsat
madagascar_2009_196,4,17.951674,19.496792,2009,landsat
madagascar_2009_198,4,25.97267,19.633078,2009,landsat
madagascar_2009_208,4,32.605675,26.476572,2009,landsat
madagascar_2009_210,4,18.988924,17.664253,2009,landsat
madagascar_2009_213,4,10.627311,19.450832,2009,landsat
madagascar_2009_220,4,16.635786,19.553295,2009,landsat
madagascar_2008_221,4,10.081311,19.350437,2008,landsat
madagascar_2009_226,4,33.702457,35.112576,2009,landsat
madagascar_2009_233,4,23.511032,19.45758,2009,landsat
madagascar_2009_240,4,29.566914,20.38187,2009,landsat
madagascar_2009_242,4,15.735282,17.806059,2009,landsat
madagascar_2008_249,4,23.024506,18.167706,2008,landsat
madagascar_2009_263,4,20.61859,18.880226,2009,landsat
madagascar_2009_265,4,20.130453,18.347878,2009,landsat
madagascar_2009_267,4,20.202488,17.22734,2009,landsat
madagascar_2009_268,4,17.538565,18.610096,2009,landsat
madagascar_2008_269,4,15.961011,21.85369,2008,landsat
madagascar_2009_281,4,47.22152,45.440334,2009,landsat
madagascar_2009_282,4,44.898964,40.177197,2009,landsat
madagascar_2009_287,4,15.790357,19.652908,2009,landsat
madagascar_2009_290,4,19.289186,19.814419,2009,landsat
madagascar_2009_291,4,15.696659,18.915272,2009,landsat
madagascar_2009_292,4,14.601125,19.221134,2009,landsat
madagascar_2008_294,4,14.513227,19.34338,2008,landsat
madagascar_2008_295,4,17.610962,19.530186,2008,landsat
madagascar_2008_296,4,17.867342,18.446709,2008,landsat
madagascar_2009_297,4,14.183997,19.528294,2009,landsat
madagascar_2008_304,4,17.181454,19.470886,2008,landsat
madagascar_2009_306,4,15.881455,14.647453,2009,landsat
madagascar_2009_309,4,16.506588,13.607292,2009,landsat
madagascar_2009_311,4,14.687556,13.27754,2009,landsat
madagascar_2008_313,4,44.546394,25.5232,2008,landsat
madagascar_2009_314,4,16.729744,19.800976,2009,landsat
madagascar_2009_327,4,22.910889,19.837906,2009,landsat
madagascar_2009_329,4,21.403107,18.785208,2009,landsat
madagascar_2009_331,4,19.17454,21.33546,2009,landsat
madagascar_2009_332,4,35.01284,28.976845,2009,landsat
madagascar_2009_338,4,19.558079,18.089449,2009,landsat
madagascar_2009_345,4,21.106874,19.682156,2009,landsat
madagascar_2009_346,4,20.739506,19.554178,2009,landsat
madagascar_2009_347,4,17.362583,22.311195,2009,landsat
madagascar_2009_348,4,20.307283,30.18332,2009,landsat
madagascar_2008_372,4,41.30452,18.49504,2008,landsat
madagascar_2009_386,4,21.948957,19.1678,2009,landsat
madagascar_2009_390,4,16.204016,22.38432,2009,landsat
madagascar_2009_398,4,19.184147,19.472305,2009,landsat
madagascar_2008_424,4,16.280766,19.273571,2008,landsat
madagascar_2009_438,4,8.514366,14.626438,2009,landsat
madagascar_2009_443,4,10.426111,11.2083645,2009,landsat
madagascar_2009_450,4,17.029535,19.87669,2009,landsat
madagascar_2009_453,4,46.628605,34.72225,2009,landsat
madagascar_2009_457,4,27.998796,21.732462,2009,landsat
madagascar_2008_458,4,20.785797,16.26194,2008,landsat
madagascar_2009_465,4,18.679861,19.037422,2009,landsat
madagascar_2009_483,4,17.823967,18.321327,2009,landsat
madagascar_2009_489,4,18.681644,20.047401,2009,landsat
madagascar_2008_502,4,36.813194,35.81323,2008,landsat
madagascar_2009_505,4,17.457811,19.170952,2009,landsat
madagascar_2008_508,4,17.133465,24.539076,2008,landsat
madagascar_2008_514,4,13.10076,15.962818,2008,landsat
madagascar_2009_535,4,10.871641,12.622505,2009,landsat
madagascar_2009_537,4,20.242624,14.767108,2009,landsat
madagascar_2009_541,4,18.03413,21.426838,2009,landsat
madagascar_2009_552,4,17.977537,23.429739,2009,landsat
madagascar_2009_554,4,15.213981,19.892162,2009,landsat
madagascar_2009_560,4,40.847507,25.396648,2009,landsat
madagascar_2009_565,4,15.709194,19.464455,2009,landsat
madagascar_2009_568,4,24.565716,24.163462,2009,landsat
madagascar_2009_584,4,35.701588,12.768092,2009,landsat
madagascar_2011_1,4,41.180195,19.692982,2011,landsat
madagascar_2011_4,4,46.082214,38.44234,2011,landsat
madagascar_2011_5,4,32.907585,35.07587,2011,landsat
madagascar_2011_8,4,32.92662,17.636686,2011,landsat
madagascar_2011_10,4,24.311447,19.642391,2011,landsat
madagascar_2011_15,4,20.13107,38.150375,2011,landsat
madagascar_2011_18,4,52.855274,19.714136,2011,landsat
madagascar_2011_19,4,45.528282,19.043604,2011,landsat
madagascar_2011_20,4,61.257957,18.62246,2011,landsat
madagascar_2011_21,4,46.77598,18.085749,2011,landsat
madagascar_2011_33,4,26.209208,51.114677,2011,landsat
madagascar_2011_34,4,54.718372,35.23629,2011,landsat
madagascar_2011_39,4,16.810469,47.376495,2011,landsat
madagascar_2011_44,4,21.226898,42.539463,2011,landsat
madagascar_2011_59,4,12.313023,20.106071,2011,landsat
madagascar_2011_61,4,49.915115,14.5142975,2011,landsat
madagascar_2011_64,4,60.53667,19.721806,2011,landsat
madagascar_2011_65,4,34.552853,19.813084,2011,landsat
madagascar_2011_75,4,18.414034,19.181389,2011,landsat
madagascar_2011_83,4,14.591302,19.36866,2011,landsat
madagascar_2011_88,4,21.091372,32.493927,2011,landsat
madagascar_2011_93,4,74.26154,20.760483,2011,landsat
madagascar_2011_95,4,51.294975,24.247108,2011,landsat
madagascar_2011_101,4,31.233736,20.69917,2011,landsat
madagascar_2011_102,4,42.550873,18.251945,2011,landsat
madagascar_2011_108,4,32.172,35.621113,2011,landsat
madagascar_2011_118,4,15.168406,25.134323,2011,landsat
madagascar_2011_122,4,22.698416,18.947659,2011,landsat
madagascar_2011_124,4,53.795376,17.304996,2011,landsat
madagascar_2011_129,4,56.353535,18.928432,2011,landsat
madagascar_2011_133,4,39.966763,18.214912,2011,landsat
madagascar_2011_135,4,12.250728,15.223278,2011,landsat
madagascar_2011_141,4,39.103535,13.408904,2011,landsat
madagascar_2011_144,4,17.790089,18.240284,2011,landsat
madagascar_2011_156,4,35.659206,45.342922,2011,landsat
madagascar_2011_172,4,7.405563,43.78805,2011,landsat
madagascar_2011_178,4,12.120276,17.281338,2011,landsat
madagascar_2011_179,4,6.373374,40.77757,2011,landsat
madagascar_2011_180,4,11.268955,19.005505,2011,landsat
madagascar_2011_194,4,10.510695,20.141575,2011,landsat
madagascar_2011_196,4,5.3366523,22.144814,2011,landsat
madagascar_2011_197,4,14.365795,21.197073,2011,landsat
madagascar_2011_198,4,9.815207,18.957096,2011,landsat
madagascar_2011_208,4,17.361727,21.571852,2011,landsat
madagascar_2011_210,4,11.84755,33.963963,2011,landsat
madagascar_2011_218,4,9.981762,33.84112,2011,landsat
madagascar_2011_228,4,41.12583,13.947842,2011,landsat
madagascar_2011_232,4,13.346245,27.918888,2011,landsat
madagascar_2011_233,4,15.289976,19.689749,2011,landsat
madagascar_2011_246,4,12.068872,14.351271,2011,landsat
madagascar_2011_251,4,34.521645,18.420456,2011,landsat
madagascar_2011_263,4,17.669016,19.006977,2011,landsat
madagascar_2011_264,4,36.333817,19.278214,2011,landsat
madagascar_2013_2,4,52.204082,25.872288,2013,landsat
madagascar_2013_3,4,55.25343,50.24753,2013,landsat
madagascar_2013_4,4,39.6972,22.7085,2013,landsat
madagascar_2013_10,4,33.936848,28.123665,2013,landsat
madagascar_2013_26,4,46.520126,41.410667,2013,landsat
madagascar_2013_28,4,20.358982,19.045223,2013,landsat
madagascar_2013_37,4,40.827126,29.307693,2013,landsat
madagascar_2013_40,4,21.003086,20.334003,2013,landsat
madagascar_2013_41,4,17.845919,22.395716,2013,landsat
madagascar_2013_46,4,18.293499,16.374363,2013,landsat
madagascar_2013_47,4,16.969276,19.3834,2013,landsat
madagascar_2013_51,4,23.891752,22.70793,2013,landsat
madagascar_2013_58,4,12.291423,23.912743,2013,landsat
madagascar_2013_64,4,15.539242,19.82303,2013,landsat
madagascar_2013_66,4,20.1684,27.254673,2013,landsat
madagascar_2013_69,4,42.400265,39.513065,2013,landsat
madagascar_2013_70,4,40.14694,39.277264,2013,landsat
madagascar_2013_72,4,28.462046,34.34011,2013,landsat
madagascar_2013_86,4,19.217493,26.385727,2013,landsat
madagascar_2013_89,4,17.714573,19.490658,2013,landsat
madagascar_2013_91,4,14.006873,17.538363,2013,landsat
madagascar_2013_97,4,12.707526,17.488045,2013,landsat
madagascar_2013_104,4,44.59882,51.32849,2013,landsat
madagascar_2013_107,4,52.71295,51.49814,2013,landsat
madagascar_2013_112,4,18.09021,22.530954,2013,landsat
madagascar_2013_130,4,40.82038,37.482876,2013,landsat
madagascar_2013_145,4,48.998657,46.60431,2013,landsat
madagascar_2013_146,4,44.13027,45.83872,2013,landsat
madagascar_2013_150,4,10.058973,18.546526,2013,landsat
madagascar_2013_152,4,45.272106,37.345623,2013,landsat
madagascar_2013_153,4,11.807577,14.827839,2013,landsat
madagascar_2013_160,4,36.480648,42.16775,2013,landsat
madagascar_2013_164,4,53.32199,29.965828,2013,landsat
madagascar_2013_170,4,11.859763,18.82349,2013,landsat
madagascar_2013_171,4,47.651062,37.177853,2013,landsat
madagascar_2013_173,4,41.059315,33.26575,2013,landsat
madagascar_2013_179,4,10.8895855,21.409407,2013,landsat
madagascar_2013_181,4,26.229393,21.458155,2013,landsat
madagascar_2013_184,4,11.275298,21.853405,2013,landsat
madagascar_2013_191,4,10.557653,19.348,2013,landsat
madagascar_2013_198,4,13.1686125,18.627325,2013,landsat
madagascar_2013_200,4,9.726234,17.904694,2013,landsat
madagascar_2013_209,4,14.347007,25.45568,2013,landsat
madagascar_2013_214,4,10.0387125,27.701748,2013,landsat
madagascar_2013_216,4,15.727191,17.884193,2013,landsat
madagascar_2013_223,4,11.32916,18.855844,2013,landsat
madagascar_2013_226,4,14.247615,20.15605,2013,landsat
madagascar_2013_233,4,16.383005,18.933403,2013,landsat
madagascar_2013_241,4,9.2298155,18.375,2013,landsat
madagascar_2013_243,4,19.945862,22.816547,2013,landsat
madagascar_2013_246,4,11.377281,17.697952,2013,landsat
madagascar_2013_248,4,10.763366,25.185602,2013,landsat
madagascar_2013_267,4,49.042587,19.406988,2013,landsat
madagascar_2013_269,4,14.72647,41.791874,2013,landsat
madagascar_2013_272,4,16.744688,48.7289,2013,landsat
madagascar_2013_284,4,13.942818,35.874134,2013,landsat
madagascar_2016_5,4,45.606155,45.32893,2016,landsat
madagascar_2016_15,4,55.670803,53.541836,2016,landsat
madagascar_2016_18,4,12.672187,25.310017,2016,landsat
madagascar_2016_19,4,10.212042,20.905117,2016,landsat
madagascar_2016_25,4,11.180489,25.00166,2016,landsat
madagascar_2016_26,4,40.873608,31.052433,2016,landsat
madagascar_2016_27,4,14.586849,20.865025,2016,landsat
madagascar_2016_33,4,40.12904,30.189838,2016,landsat
madagascar_2016_35,4,34.135315,25.690952,2016,landsat
madagascar_2016_36,4,26.05395,18.635578,2016,landsat
madagascar_2016_38,4,19.097591,33.089172,2016,landsat
madagascar_2016_51,4,28.7569,19.654083,2016,landsat
madagascar_2016_55,4,19.419006,20.944565,2016,landsat
madagascar_2016_56,4,18.2707,21.349468,2016,landsat
madagascar_2016_59,4,18.174948,18.790222,2016,landsat
madagascar_2016_61,4,10.472388,18.206821,2016,landsat
madagascar_2016_67,4,9.175297,19.67595,2016,landsat
madagascar_2016_68,4,12.177533,19.394056,2016,landsat
madagascar_2016_70,4,16.738024,19.663548,2016,landsat
madagascar_2016_73,4,4.315187,19.041466,2016,landsat
madagascar_2016_82,4,5.700535,18.496235,2016,landsat
madagascar_2016_90,4,9.938988,16.439245,2016,landsat
madagascar_2016_94,4,17.936201,19.5186,2016,landsat
madagascar_2016_95,4,15.762831,19.776175,2016,landsat
madagascar_2016_100,4,42.716698,26.719456,2016,landsat
madagascar_2016_102,4,10.592512,17.772072,2016,landsat
madagascar_2016_105,4,20.50045,19.438408,2016,landsat
madagascar_2016_106,4,12.502237,18.50394,2016,landsat
madagascar_2016_112,4,14.662841,18.56707,2016,landsat
madagascar_2016_115,4,44.70035,38.760643,2016,landsat
madagascar_2016_119,4,6.7946563,17.196928,2016,landsat
madagascar_2016_131,4,38.224316,33.43852,2016,landsat
madagascar_2016_132,4,33.780083,33.954243,2016,landsat
madagascar_2016_138,4,30.516062,24.076094,2016,landsat
madagascar_2016_145,4,14.210899,14.721498,2016,landsat
madagascar_2016_146,4,15.543998,18.94246,2016,landsat
madagascar_2016_153,4,15.337197,19.472588,2016,landsat
madagascar_2016_162,4,14.709803,19.642431,2016,landsat
madagascar_2016_165,4,12.166587,18.575104,2016,landsat
madagascar_2016_166,4,49.199085,20.785236,2016,landsat
madagascar_2016_168,4,21.290268,19.454506,2016,landsat
madagascar_2016_174,4,31.788097,19.419476,2016,landsat
madagascar_2016_183,4,16.42107,19.717064,2016,landsat
madagascar_2016_189,4,15.313607,19.604897,2016,landsat
madagascar_2016_191,4,14.844535,19.315884,2016,landsat
madagascar_2016_195,4,22.089283,19.327618,2016,landsat
madagascar_2016_198,4,46.331406,39.903244,2016,landsat
madagascar_2016_210,4,61.97685,46.721,2016,landsat
madagascar_2016_215,4,10.2675705,25.644615,2016,landsat
madagascar_2016_221,4,21.32341,21.076185,2016,landsat
madagascar_2016_223,4,23.06804,16.457527,2016,landsat
madagascar_2016_233,4,10.348766,18.857426,2016,landsat
madagascar_2016_235,4,12.257644,16.971611,2016,landsat
madagascar_2016_238,4,8.419988,19.42598,2016,landsat
madagascar_2016_239,4,7.2501574,19.803638,2016,landsat
madagascar_2016_245,4,29.083673,19.6305,2016,landsat
madagascar_2016_250,4,12.424272,26.81401,2016,landsat
madagascar_2016_251,4,14.449932,18.501179,2016,landsat
madagascar_2016_254,4,16.254494,18.617237,2016,landsat
madagascar_2016_261,4,9.088233,19.73899,2016,landsat
madagascar_2016_262,4,27.243715,14.349813,2016,landsat
madagascar_2016_271,4,17.748606,17.928387,2016,landsat
madagascar_2016_282,4,6.7610936,19.680126,2016,landsat
madagascar_2016_284,4,8.079111,17.40434,2016,landsat
madagascar_2016_286,4,9.301873,18.189314,2016,landsat
madagascar_2016_287,4,6.5560894,17.370987,2016,landsat
madagascar_2016_293,4,9.40766,23.857365,2016,landsat
madagascar_2016_298,4,29.477278,18.748766,2016,landsat
madagascar_2016_306,4,7.398364,20.222713,2016,landsat
madagascar_2016_310,4,10.210893,19.678726,2016,landsat
madagascar_2016_312,4,41.95399,36.674786,2016,landsat
madagascar_2016_316,4,14.009251,18.447607,2016,landsat
madagascar_2016_317,4,15.786088,19.784685,2016,landsat
madagascar_2016_320,4,10.746301,19.564959,2016,landsat
madagascar_2016_321,4,12.19975,17.869745,2016,landsat
madagascar_2016_322,4,40.223324,22.279953,2016,landsat
madagascar_2016_325,4,17.419786,18.860691,2016,landsat
madagascar_2016_342,4,12.711509,24.386982,2016,landsat
madagascar_2016_347,4,61.87953,45.503925,2016,landsat
madagascar_2016_348,4,45.064728,46.674686,2016,landsat
madagascar_2016_353,4,15.124048,19.394789,2016,landsat
madagascar_2016_359,4,15.042987,18.88827,2016,landsat
madagascar_2016_361,4,22.327068,19.820723,2016,landsat
madagascar_2016_369,4,26.89642,30.211733,2016,landsat
madagascar_2016_373,4,16.050594,18.643457,2016,landsat
madagascar_2016_375,4,17.962347,19.637047,2016,landsat
madagascar_2021_1,4,37.80219,55.858074,2021,landsat
madagascar_2021_5,4,55.382263,59.058044,2021,landsat
madagascar_2021_8,4,50.942486,58.260868,2021,landsat
madagascar_2021_13,4,60.292324,58.994495,2021,landsat
madagascar_2021_14,4,75.92344,53.03461,2021,landsat
madagascar_2021_18,4,66.83934,56.923916,2021,landsat
madagascar_2021_23,4,42.196022,53.996765,2021,landsat
madagascar_2021_32,4,45.770355,45.677197,2021,landsat
madagascar_2021_35,4,64.753265,59.11319,2021,landsat
madagascar_2021_46,4,58.076134,51.165905,2021,landsat
madagascar_2021_58,4,34.58534,21.481792,2021,landsat
madagascar_2021_60,4,31.876245,21.109707,2021,landsat
madagascar_2021_64,4,38.13401,40.347836,2021,landsat
madagascar_2021_67,4,59.341908,49.213028,2021,landsat
madagascar_2021_71,4,44.909584,39.32823,2021,landsat
madagascar_2021_80,4,54.186714,50.83468,2021,landsat
madagascar_2021_81,4,61.27708,32.72952,2021,landsat
madagascar_2021_89,4,20.862953,24.64307,2021,landsat
madagascar_2021_91,4,16.236965,24.698418,2021,landsat
madagascar_2021_99,4,18.975502,23.639484,2021,landsat
madagascar_2021_100,4,24.383577,44.14667,2021,landsat
madagascar_2021_103,4,19.856915,18.861593,2021,landsat
madagascar_2021_106,4,37.77622,19.928577,2021,landsat
madagascar_2021_108,4,31.954998,28.074852,2021,landsat
madagascar_2021_116,4,24.376152,19.282818,2021,landsat
madagascar_2021_137,4,29.142492,19.918468,2021,landsat
madagascar_2021_140,4,26.350014,18.511541,2021,landsat
madagascar_2021_148,4,32.199795,18.493467,2021,landsat
madagascar_2021_151,4,25.01857,19.471819,2021,landsat
madagascar_2021_152,4,22.492083,19.429571,2021,landsat
madagascar_2021_164,4,36.090668,40.834755,2021,landsat
madagascar_2021_165,4,21.519884,19.616936,2021,landsat
madagascar_2021_166,4,14.901833,19.871521,2021,landsat
madagascar_2021_170,4,23.125448,18.948784,2021,landsat
madagascar_2021_176,4,42.364048,19.13409,2021,landsat
madagascar_2021_183,4,23.215364,19.55571,2021,landsat
madagascar_2021_187,4,60.166336,43.40171,2021,landsat
madagascar_2021_192,4,21.665983,28.096945,2021,landsat
madagascar_2021_193,4,27.437948,20.607075,2021,landsat
madagascar_2021_196,4,15.959071,19.478195,2021,landsat
madagascar_2021_200,4,25.79195,19.460867,2021,landsat
madagascar_2021_201,4,23.90505,19.571444,2021,landsat
madagascar_2021_202,4,18.741703,19.315193,2021,landsat
madagascar_2021_207,4,13.992549,18.844622,2021,landsat
madagascar_2021_218,4,20.928675,19.689955,2021,landsat
madagascar_2021_220,4,20.476732,19.438305,2021,landsat
madagascar_2021_221,4,43.602783,25.207191,2021,landsat
madagascar_2021_227,4,17.79639,21.188988,2021,landsat
madagascar_2021_229,4,14.305432,18.891413,2021,landsat
madagascar_2021_230,4,15.663428,19.039675,2021,landsat
madagascar_2021_242,4,46.835262,31.052786,2021,landsat
madagascar_2021_245,4,21.874657,19.851294,2021,landsat
madagascar_2021_248,4,22.523706,18.833683,2021,landsat
madagascar_2021_253,4,19.03813,20.3476,2021,landsat
madagascar_2021_265,4,12.998569,19.134642,2021,landsat
madagascar_2021_270,4,37.7868,25.790663,2021,landsat
madagascar_2021_271,4,17.198359,16.565113,2021,landsat
madagascar_2021_280,4,10.589171,17.622038,2021,landsat
madagascar_2021_282,4,12.273475,15.051638,2021,landsat
madagascar_2021_285,4,19.397104,18.045485,2021,landsat
madagascar_2021_288,4,12.728498,18.611866,2021,landsat
madagascar_2021_296,4,61.96685,55.344254,2021,landsat
madagascar_2021_299,4,68.0049,47.782654,2021,landsat
madagascar_2021_301,4,27.033575,19.869732,2021,landsat
madagascar_2021_304,4,37.422848,19.298527,2021,landsat
madagascar_2021_311,4,15.08271,19.607586,2021,landsat
madagascar_2021_316,4,12.162855,19.632542,2021,landsat
madagascar_2021_320,4,50.589798,39.447216,2021,landsat
madagascar_2021_338,4,25.479218,26.326355,2021,landsat
madagascar_2021_344,4,19.887093,19.837267,2021,landsat
madagascar_2021_350,4,41.451935,18.536293,2021,landsat
madagascar_2021_351,4,34.066936,19.953829,2021,landsat
madagascar_2021_352,4,22.470314,19.329762,2021,landsat
madagascar_2021_357,4,20.830956,19.31076,2021,landsat
madagascar_2021_363,4,31.176336,18.697092,2021,landsat
madagascar_2021_366,4,44.174793,49.014088,2021,landsat
madagascar_2021_367,4,22.28895,20.049938,2021,landsat
madagascar_2021_373,4,19.818598,19.453077,2021,landsat
madagascar_2021_377,4,42.321125,45.924854,2021,landsat
madagascar_2021_379,4,47.879112,50.071957,2021,landsat
madagascar_2021_380,4,66.39373,48.647915,2021,landsat
madagascar_2021_384,4,21.167816,18.606829,2021,landsat
madagascar_2021_386,4,23.281612,23.673906,2021,landsat
madagascar_2021_389,4,17.372997,18.773167,2021,landsat
madagascar_2021_391,4,23.735994,19.179754,2021,landsat
madagascar_2021_409,4,28.863657,20.1733,2021,landsat
madagascar_2021_414,4,20.301018,19.404858,2021,landsat
madagascar_2021_428,4,19.037188,20.134434,2021,landsat
madagascar_2021_431,4,39.672985,32.374363,2021,landsat
madagascar_2021_437,4,20.993881,22.128792,2021,landsat
madagascar_2021_445,4,28.015245,30.219364,2021,landsat
madagascar_2021_449,4,18.941015,19.810394,2021,landsat
madagascar_2021_454,4,21.336601,19.908878,2021,landsat
madagascar_2021_458,4,46.712322,30.139067,2021,landsat
madagascar_2021_461,4,18.810017,17.674425,2021,landsat
madagascar_2021_474,4,42.96495,23.23293,2021,landsat
madagascar_2021_477,4,43.311626,19.08198,2021,landsat
madagascar_2021_486,4,60.13013,39.72813,2021,landsat
madagascar_2021_495,4,32.47267,24.677486,2021,landsat
madagascar_2021_497,4,26.834497,20.144108,2021,landsat
madagascar_2021_499,4,20.149424,23.583616,2021,landsat
madagascar_2021_512,4,13.890661,17.586246,2021,landsat
madagascar_2021_514,4,26.439854,18.330853,2021,landsat
madagascar_2021_520,4,15.63545,27.186848,2021,landsat
madagascar_2021_525,4,13.137245,19.268934,2021,landsat
madagascar_2021_529,4,22.479408,18.439247,2021,landsat
madagascar_2021_533,4,15.111962,17.357685,2021,landsat
madagascar_2021_534,4,13.26189,19.012234,2021,landsat
madagascar_2021_538,4,12.315432,25.406307,2021,landsat
madagascar_2021_540,4,24.89621,19.581795,2021,landsat
madagascar_2021_541,4,42.545876,37.263878,2021,landsat
madagascar_2021_543,4,12.358186,18.549324,2021,landsat
madagascar_2021_562,4,10.075385,20.743227,2021,landsat
madagascar_2021_565,4,11.535758,24.413197,2021,landsat
madagascar_2021_567,4,20.057203,20.614817,2021,landsat
madagascar_2021_584,4,17.004679,24.409405,2021,landsat
madagascar_2021_600,4,22.27052,16.612377,2021,landsat
madagascar_2021_610,4,21.16303,18.620659,2021,landsat
madagascar_2021_611,4,26.02888,19.177624,2021,landsat
madagascar_2021_612,4,19.326635,19.110783,2021,landsat
madagascar_2021_614,4,42.165318,34.69438,2021,landsat
madagascar_2021_615,4,43.699627,33.995426,2021,landsat
madagascar_2021_616,4,43.734917,32.72922,2021,landsat
madagascar_2021_618,4,34.256123,40.721455,2021,landsat
madagascar_2021_622,4,20.659086,19.360518,2021,landsat
madagascar_2021_627,4,38.915054,36.238094,2021,landsat
madagascar_2021_631,4,36.837246,19.244495,2021,landsat
madagascar_2021_634,4,37.22107,19.869396,2021,landsat
madagascar_2021_635,4,33.74754,19.78709,2021,landsat
madagascar_2021_649,4,30.57341,19.662752,2021,landsat
madagascar_2021_651,4,48.004864,39.15617,2021,landsat
