sample_id,fold,target,prediction,survey_year,sensor
madagascar_1997_1,0,18.980331,41.728306,1997,landsat
madagascar_1997_10,0,18.96606,37.31628,1997,landsat
madagascar_1997_11,0,13.652827,33.947063,1997,landsat
madagascar_1997_12,0,31.284912,45.646362,1997,landsat
madagascar_1997_17,0,31.946564,46.065205,1997,landsat
madagascar_1997_18,0,39.0378,43.959858,1997,landsat
madagascar_1997_20,0,31.3062,41.273445,1997,landsat
madagascar_1997_21,0,35.623993,46.096798,1997,landsat
madagascar_1997_24,0,33.028618,30.146635,1997,landsat
madagascar_1997_27,0,71.24189,44.172573,1997,landsat
madagascar_1997_28,0,46.50519,48.688972,1997,landsat
madagascar_1997_31,0,38.43896,46.89223,1997,landsat
madagascar_1997_34,0,47.430805,36.848606,1997,landsat
madagascar_1997_35,0,45.973637,48.53034,1997,landsat
madagascar_1997_37,0,44.18297,31.254879,1997,landsat
madagascar_1997_44,0,40.798077,44.88756,1997,landsat
madagascar_1997_61,0,29.832138,20.85844,1997,landsat
madagascar_1997_64,0,11.84939,17.680735,1997,landsat
madagascar_1997_78,0,12.0710335,16.717613,1997,landsat
madagascar_1997_80,0,12.378126,18.809128,1997,landsat
madagascar_1997_102,0,11.520562,13.765256,1997,landsat
madagascar_1997_105,0,10.205248,15.317984,1997,landsat
madagascar_1997_116,0,10.793936,15.742874,1997,landsat
madagascar_1997_118,0,8.714252,16.219488,1997,landsat
madagascar_1997_120,0,10.584053,16.053234,1997,landsat
madagascar_1997_121,0,12.41152,18.50375,1997,landsat
madagascar_1997_123,0,36.56632,33.015568,1997,landsat
madagascar_1997_127,0,39.515354,42.533733,1997,landsat
madagascar_1997_128,0,12.973097,14.886314,1997,landsat
madagascar_1997_129,0,22.988617,14.380113,1997,landsat
madagascar_1997_131,0,13.222382,15.44827,1997,landsat
madagascar_1997_133,0,13.465709,16.08884,1997,landsat
madagascar_1997_136,0,13.793769,15.3424015,1997,landsat
madagascar_1997_139,0,11.925253,17.876114,1997,landsat
madagascar_1997_142,0,10.676536,13.379531,1997,landsat
madagascar_1997_169,0,26.906069,15.7462015,1997,landsat
madagascar_1997_178,0,8.375147,16.238234,1997,landsat
madagascar_1997_181,0,9.753796,15.911655,1997,landsat
madagascar_1997_183,0,9.199491,13.735355,1997,landsat
madagascar_1997_190,0,11.245006,12.578122,1997,landsat
madagascar_1997_193,0,8.507103,16.092478,1997,landsat
madagascar_1997_198,0,30.617008,25.057816,1997,landsat
madagascar_1997_214,0,10.198196,16.605337,1997,landsat
madagascar_1997_215,0,9.465688,16.080921,1997,landsat
madagascar_1997_220,0,10.087695,16.85797,1997,landsat
madagascar_1997_226,0,12.291191,15.991062,1997,landsat
madagascar_1997_241,0,13.794421,20.171227,1997,landsat
madagascar_1997_244,0,19.067017,15.929532,1997,landsat
madagascar_1997_246,0,11.987184,26.090412,1997,landsat
madagascar_1997_247,0,12.286939,37.698864,1997,landsat
madagascar_1997_251,0,13.558306,18.01674,1997,landsat
madagascar_1997_254,0,11.580182,28.26161,1997,landsat
madagascar_1997_255,0,10.7871275,15.536628,1997,landsat
madagascar_1997_263,0,12.410274,16.362041,1997,landsat
madagascar_2008_1,0,36.965736,49.348763,2008,landsat
madagascar_2008_3,0,39.91204,58.615353,2008,landsat
madagascar_2008_5,0,44.521187,58.95372,2008,landsat
madagascar_2008_19,0,44.04438,55.339516,2008,landsat
madagascar_2008_24,0,63.461548,59.766396,2008,landsat
madagascar_2008_33,0,58.81848,54.46112,2008,landsat
madagascar_2008_37,0,64.410446,44.388687,2008,landsat
madagascar_2008_40,0,49.65921,58.9543,2008,landsat
madagascar_2008_43,0,51.834854,42.653484,2008,landsat
madagascar_2008_48,0,42.906654,48.716244,2008,landsat
madagascar_2008_53,0,70.173744,45.97429,2008,landsat
madagascar_2008_55,0,18.711454,22.763744,2008,landsat
madagascar_2008_70,0,47.639046,47.464165,2008,landsat
madagascar_2008_80,0,24.213814,43.19824,2008,landsat
madagascar_2008_81,0,29.829288,44.49335,2008,landsat
madagascar_2009_84,0,10.009084,16.286194,2009,landsat
madagascar_2009_89,0,13.331103,32.50192,2009,landsat
madagascar_2009_92,0,11.286791,19.57075,2009,landsat
madagascar_2009_99,0,16.021694,16.400066,2009,landsat
madagascar_2008_112,0,46.50493,21.185968,2008,landsat
madagascar_2008_114,0,17.388494,21.126606,2008,landsat
madagascar_2008_147,0,20.288385,18.43751,2008,landsat
madagascar_2008_148,0,15.305611,20.494179,2008,landsat
madagascar_2009_162,0,11.041789,22.744268,2009,landsat
madagascar_2009_168,0,21.877844,26.801437,2009,landsat
madagascar_2009_173,0,15.198743,20.185566,2009,landsat
madagascar_2009_200,0,4.88031,23.319891,2009,landsat
madagascar_2009_202,0,14.079452,15.500297,2009,landsat
madagascar_2009_206,0,14.281131,17.077547,2009,landsat
madagascar_2008_207,0,16.579699,21.218752,2008,landsat
madagascar_2009_217,0,17.234768,17.198933,2009,landsat
madagascar_2009_218,0,16.303873,16.277685,2009,landsat
madagascar_2009_227,0,27.33344,21.419765,2009,landsat
madagascar_2009_228,0,27.986393,20.965748,2009,landsat
madagascar_2009_230,0,20.808975,19.704939,2009,landsat
madagascar_2009_238,0,22.85566,30.844772,2009,landsat
madagascar_2009_244,0,16.059607,24.621857,2009,landsat
madagascar_2008_250,0,9.649484,22.906162,2008,landsat
madagascar_2009_251,0,22.161133,27.069828,2009,landsat
madagascar_2009_253,0,18.889008,26.676418,2009,landsat
madagascar_2009_260,0,10.81358,21.052355,2009,landsat
madagascar_2009_264,0,23.18074,15.411479,2009,landsat
madagascar_2008_270,0,12.993281,19.470383,2008,landsat
madagascar_2009_280,0,47.966805,37.99973,2009,landsat
madagascar_2009_283,0,32.61517,21.04063,2009,landsat
madagascar_2009_285,0,18.44399,13.8678875,2009,landsat
madagascar_2009_299,0,11.325403,19.436714,2009,landsat
madagascar_2008_303,0,17.591473,21.459404,2008,landsat
madagascar_2008_305,0,14.564573,22.234976,2008,landsat
madagascar_2009_307,0,17.598152,15.776115,2009,landsat
madagascar_2009_315,0,13.687945,18.03614,2009,landsat
madagascar_2009_321,0,14.362194,15.743719,2009,landsat
madagascar_2009_323,0,25.572823,32.662395,2009,landsat
madagascar_2009_325,0,11.765766,25.964447,2009,landsat
madagascar_2009_328,0,20.10683,19.741043,2009,landsat
madagascar_2009_330,0,33.61609,35.53876,2009,landsat
madagascar_2009_336,0,18.947227,41.60129,2009,landsat
madagascar_2009_337,0,17.806868,42.735336,2009,landsat
madagascar_2009_340,0,23.01147,35.06282,2009,landsat
madagascar_2009_341,0,20.343891,21.620527,2009,landsat
madagascar_2009_349,0,17.166449,18.913212,2009,landsat
madagascar_2008_373,0,21.195704,22.93631,2008,landsat
madagascar_2009_380,0,44.229362,32.798515,2009,landsat
madagascar_2009_381,0,20.96687,37.561855,2009,landsat
madagascar_2009_388,0,54.402126,19.627354,2009,landsat
madagascar_2009_392,0,18.510746,29.737915,2009,landsat
madagascar_2008_421,0,16.850946,16.664036,2008,landsat
madagascar_2009_427,0,13.631781,20.62873,2009,landsat
madagascar_2009_434,0,7.167348,19.555359,2009,landsat
madagascar_2009_444,0,16.110981,15.653628,2009,landsat
madagascar_2009_445,0,5.967714,16.139189,2009,landsat
madagascar_2009_454,0,35.33297,55.49072,2009,landsat
madagascar_2009_462,0,18.463968,16.201313,2009,landsat
madagascar_2009_470,0,16.65798,19.161058,2009,landsat
madagascar_2009_473,0,19.116497,20.790369,2009,landsat
madagascar_2009_495,0,18.432201,16.08765,2009,landsat
madagascar_2009_497,0,15.965236,14.206899,2009,landsat
madagascar_2009_500,0,20.05336,18.452404,2009,landsat
madagascar_2009_503,0,43.197247,25.502007,2009,landsat
madagascar_2009_506,0,16.920784,20.241318,2009,landsat
madagascar_2009_511,0,19.234356,21.175861,2009,landsat
madagascar_2008_516,0,12.975577,20.422373,2008,landsat
madagascar_2009_525,0,18.648035,23.13983,2009,landsat
madagascar_2009_530,0,45.44569,40.515503,2009,landsat
madagascar_2009_534,0,18.322197,14.537718,2009,landsat
madagascar_2009_536,0,39.138702,19.345966,2009,landsat
madagascar_2009_538,0,19.305614,17.871956,2009,landsat
madagascar_2009_540,0,19.194883,18.44997,2009,landsat
madagascar_2009_543,0,13.967013,19.335672,2009,landsat
madagascar_2009_549,0,26.642464,19.258648,2009,landsat
madagascar_2009_551,0,15.467115,20.85043,2009,landsat
madagascar_2009_556,0,42.846745,49.17864,2009,landsat
madagascar_2009_564,0,16.426619,23.06243,2009,landsat
madagascar_2009_575,0,12.546299,16.737133,2009,landsat
madagascar_2009_578,0,14.15414,22.015785,2009,landsat
madagascar_2009_580,0,11.217034,23.452484,2009,landsat
madagascar_2009_581,0,12.48206,35.289505,2009,landsat
madagascar_2008_582,0,13.581757,17.80642,2008,landsat
madagascar_2009_587,0,11.836968,25.99143,2009,landsat
madagascar_2009_588,0,12.314251,14.138263,2009,landsat
madagascar_2009_589,0,17.643112,17.568352,2009,landsat
madagascar_2008_593,0,20.032663,21.39561,2008,landsat
madagascar_2009_599,0,13.049131,18.114109,2009,landsat
madagascar_2009_600,0,11.9307,20.392717,2009,landsat
madagascar_2011_24,0,29.058002,21.392647,2011,landsat
madagascar_2011_25,0,21.857994,21.172062,2011,landsat
madagascar_2011_47,0,20.80178,25.776833,2011,landsat
madagascar_2011_49,0,38.388096,22.672726,2011,landsat
madagascar_2011_73,0,15.102045,16.939594,2011,landsat
madagascar_2011_76,0,42.62564,20.710144,2011,landsat
madagascar_2011_77,0,16.040756,17.205605,2011,landsat
madagascar_2011_79,0,14.499801,12.809876,2011,landsat
madagascar_2011_85,0,16.936485,21.208744,2011,landsat
madagascar_2011_98,0,44.79024,49.0599,2011,landsat
madagascar_2011_103,0,15.231579,21.626976,2011,landsat
madagascar_2011_113,0,24.20659,38.46506,2011,landsat
madagascar_2011_115,0,24.652359,22.060368,2011,landsat
madagascar_2011_120,0,58.04987,33.91843,2011,landsat
madagascar_2011_123,0,17.946438,28.517538,2011,landsat
madagascar_2011_126,0,18.0846,18.0893,2011,landsat
madagascar_2011_127,0,10.894232,22.088041,2011,landsat
madagascar_2011_128,0,48.273888,52.013317,2011,landsat
madagascar_2011_145,0,11.732932,19.406097,2011,landsat
madagascar_2011_146,0,11.060892,28.546398,2011,landsat
madagascar_2011_148,0,44.856033,17.65708,2011,landsat
madagascar_2011_149,0,9.420048,16.444843,2011,landsat
madagascar_2011_153,0,13.417746,21.260876,2011,landsat
madagascar_2011_154,0,14.660303,20.707558,2011,landsat
madagascar_2011_159,0,36.211304,41.16708,2011,landsat
madagascar_2011_161,0,41.72228,32.644764,2011,landsat
madagascar_2011_164,0,37.913082,17.344133,2011,landsat
madagascar_2011_175,0,4.965455,22.302526,2011,landsat
madagascar_2011_177,0,28.771347,18.403957,2011,landsat
madagascar_2011_186,0,12.1009,21.266556,2011,landsat
madagascar_2011_192,0,8.196405,16.668793,2011,landsat
madagascar_2011_201,0,10.838293,20.973314,2011,landsat
madagascar_2011_203,0,22.104607,19.037924,2011,landsat
madagascar_2011_214,0,10.376738,12.996381,2011,landsat
madagascar_2011_217,0,14.856506,18.942022,2011,landsat
madagascar_2011_222,0,10.833367,19.541824,2011,landsat
madagascar_2011_223,0,52.366875,51.694065,2011,landsat
madagascar_2011_227,0,7.6243825,20.11858,2011,landsat
madagascar_2011_238,0,11.850001,18.484676,2011,landsat
madagascar_2011_239,0,27.413252,13.394275,2011,landsat
madagascar_2011_240,0,15.62335,11.772178,2011,landsat
madagascar_2011_244,0,38.02946,43.103664,2011,landsat
madagascar_2011_248,0,19.84504,17.040752,2011,landsat
madagascar_2011_268,0,18.083662,20.439442,2011,landsat
madagascar_2013_5,0,23.929222,32.59319,2013,landsat
madagascar_2013_8,0,55.82477,34.611103,2013,landsat
madagascar_2013_9,0,30.21422,25.26225,2013,landsat
madagascar_2013_12,0,8.764524,14.262687,2013,landsat
madagascar_2013_18,0,24.588829,29.244595,2013,landsat
madagascar_2013_20,0,39.86394,27.956575,2013,landsat
madagascar_2013_27,0,37.388836,18.35091,2013,landsat
madagascar_2013_36,0,20.094612,17.407263,2013,landsat
madagascar_2013_48,0,28.253246,32.129295,2013,landsat
madagascar_2013_53,0,20.230421,24.045471,2013,landsat
madagascar_2013_65,0,16.219473,19.611904,2013,landsat
madagascar_2013_71,0,53.612507,21.447416,2013,landsat
madagascar_2013_78,0,18.03861,24.244228,2013,landsat
madagascar_2013_81,0,15.361831,15.432868,2013,landsat
madagascar_2013_82,0,15.477245,16.929092,2013,landsat
madagascar_2013_85,0,11.054918,15.158875,2013,landsat
madagascar_2013_96,0,26.352533,11.802443,2013,landsat
madagascar_2013_99,0,10.140554,14.546689,2013,landsat
madagascar_2013_101,0,13.631364,12.678117,2013,landsat
madagascar_2013_103,0,40.452717,34.139034,2013,landsat
madagascar_2013_113,0,12.381802,14.103824,2013,landsat
madagascar_2013_119,0,15.415633,18.999077,2013,landsat
madagascar_2013_122,0,48.005913,29.569027,2013,landsat
madagascar_2013_128,0,19.872297,18.892344,2013,landsat
madagascar_2013_136,0,21.110058,15.50351,2013,landsat
madagascar_2013_137,0,14.14183,16.724924,2013,landsat
madagascar_2013_142,0,76.471176,54.739197,2013,landsat
madagascar_2013_143,0,44.213078,54.055527,2013,landsat
madagascar_2013_149,0,23.883,25.296883,2013,landsat
madagascar_2013_151,0,16.262571,18.323784,2013,landsat
madagascar_2013_155,0,51.50729,24.600828,2013,landsat
madagascar_2013_157,0,15.319128,25.21083,2013,landsat
madagascar_2013_158,0,9.44411,39.7914,2013,landsat
madagascar_2013_161,0,8.61557,17.44428,2013,landsat
madagascar_2013_162,0,15.880521,21.022636,2013,landsat
madagascar_2013_163,0,14.28426,20.33223,2013,landsat
madagascar_2013_172,0,51.077934,41.775715,2013,landsat
madagascar_2013_174,0,31.76638,43.31202,2013,landsat
madagascar_2013_175,0,61.872883,42.565277,2013,landsat
madagascar_2013_180,0,9.775773,19.968758,2013,landsat
madagascar_2013_183,0,42.45206,19.913952,2013,landsat
madagascar_2013_188,0,14.907928,34.223026,2013,landsat
madagascar_2013_194,0,12.015303,21.91668,2013,landsat
madagascar_2013_201,0,11.86855,20.575037,2013,landsat
madagascar_2013_202,0,9.767429,19.532988,2013,landsat
madagascar_2013_206,0,12.739975,23.453938,2013,landsat
madagascar_2013_210,0,10.376502,23.74003,2013,landsat
madagascar_2013_211,0,9.778048,14.077572,2013,landsat
madagascar_2013_220,0,10.679137,21.343733,2013,landsat
madagascar_2013_221,0,10.809683,20.778938,2013,landsat
madagascar_2013_224,0,13.662784,21.476696,2013,landsat
madagascar_2013_225,0,30.0171,20.387253,2013,landsat
madagascar_2013_235,0,14.423406,16.070925,2013,landsat
madagascar_2013_237,0,45.482002,20.3433,2013,landsat
madagascar_2013_239,0,11.223478,26.858763,2013,landsat
madagascar_2013_242,0,42.875168,16.240421,2013,landsat
madagascar_2013_247,0,10.884709,33.851627,2013,landsat
madagascar_2013_259,0,14.099768,19.277214,2013,landsat
madagascar_2013_263,0,66.8389,40.953644,2013,landsat
madagascar_2013_264,0,63.147377,37.936913,2013,landsat
madagascar_2013_266,0,47.90049,31.356112,2013,landsat
madagascar_2013_268,0,12.78482,21.294817,2013,landsat
madagascar_2013_276,0,22.542862,32.00823,2013,landsat
madagascar_2013_281,0,16.114758,21.00304,2013,landsat
madagascar_2013_282,0,39.688663,55.611492,2013,landsat
madagascar_2016_8,0,12.748747,22.847956,2016,landsat
madagascar_2016_17,0,14.063294,28.025776,2016,landsat
madagascar_2016_20,0,9.280485,21.867247,2016,landsat
madagascar_2016_23,0,13.142902,40.547253,2016,landsat
madagascar_2016_46,0,15.558236,28.017357,2016,landsat
madagascar_2016_52,0,15.589906,16.269289,2016,landsat
madagascar_2016_57,0,22.494993,16.107288,2016,landsat
madagascar_2016_60,0,15.806812,25.0756,2016,landsat
madagascar_2016_62,0,26.208014,21.372713,2016,landsat
madagascar_2016_63,0,19.223566,18.304642,2016,landsat
madagascar_2016_69,0,24.702333,16.671162,2016,landsat
madagascar_2016_78,0,24.7971,20.239252,2016,landsat
madagascar_2016_89,0,16.131216,29.687822,2016,landsat
madagascar_2016_103,0,39.47775,25.024244,2016,landsat
madagascar_2016_104,0,17.808168,27.521698,2016,landsat
madagascar_2016_107,0,17.34454,16.38569,2016,landsat
madagascar_2016_111,0,13.489979,19.638062,2016,landsat
madagascar_2016_118,0,19.297909,17.643532,2016,landsat
madagascar_2016_120,0,13.38722,17.73904,2016,landsat
madagascar_2016_125,0,13.137141,21.824015,2016,landsat
madagascar_2016_137,0,12.319273,19.710579,2016,landsat
madagascar_2016_139,0,11.838432,15.489526,2016,landsat
madagascar_2016_151,0,18.137295,20.9238,2016,landsat
madagascar_2016_157,0,10.081163,19.273983,2016,landsat
madagascar_2016_161,0,35.384827,22.86105,2016,landsat
madagascar_2016_163,0,12.034848,20.6484,2016,landsat
madagascar_2016_171,0,23.23439,23.894716,2016,landsat
madagascar_2016_173,0,49.31721,24.140783,2016,landsat
madagascar_2016_177,0,13.446709,19.68335,2016,landsat
madagascar_2016_178,0,37.215218,20.989017,2016,landsat
madagascar_2016_180,0,12.225358,20.713316,2016,landsat
madagascar_2016_185,0,11.988091,20.702736,2016,landsat
madagascar_2016_206,0,12.130071,31.898968,2016,landsat
madagascar_2016_213,0,34.15193,37.055218,2016,landsat
madagascar_2016_222,0,10.148101,20.02309,2016,landsat
madagascar_2016_224,0,12.61578,19.535215,2016,landsat
madagascar_2016_229,0,7.4814305,21.170519,2016,landsat
madagascar_2016_232,0,9.640038,16.335518,2016,landsat
madagascar_2016_234,0,5.0107546,17.23727,2016,landsat
madagascar_2016_236,0,34.081657,18.396616,2016,landsat
madagascar_2016_242,0,20.773125,18.793058,2016,landsat
madagascar_2016_249,0,16.36572,20.926498,2016,landsat
madagascar_2016_252,0,13.930273,17.86679,2016,landsat
madagascar_2016_255,0,18.2258,16.504623,2016,landsat
madagascar_2016_265,0,45.391544,23.253824,2016,landsat
madagascar_2016_266,0,52.825306,29.931067,2016,landsat
madagascar_2016_273,0,48.901882,43.971115,2016,landsat
madagascar_2016_276,0,6.776492,22.157019,2016,landsat
madagascar_2016_277,0,5.7145886,17.801695,2016,landsat
madagascar_2016_278,0,12.603429,21.291588,2016,landsat
madagascar_2016_283,0,8.07873,17.131073,2016,landsat
madagascar_2016_291,0,8.511148,15.79012,2016,landsat
madagascar_2016_295,0,16.723652,16.172832,2016,landsat
madagascar_2016_296,0,10.384126,19.892124,2016,landsat
madagascar_2016_313,0,29.196753,30.051165,2016,landsat
madagascar_2016_314,0,14.669029,23.699636,2016,landsat
madagascar_2016_319,0,10.81138,21.79236,2016,landsat
madagascar_2016_326,0,16.288963,14.871236,2016,landsat
madagascar_2016_331,0,40.3982,26.761326,2016,landsat
madagascar_2016_337,0,19.27063,19.204403,2016,landsat
madagascar_2016_349,0,42.736004,20.14173,2016,landsat
madagascar_2016_354,0,54.774513,23.151596,2016,landsat
madagascar_2016_356,0,48.758404,15.961486,2016,landsat
madagascar_2016_357,0,19.680565,19.207056,2016,landsat
madagascar_2016_363,0,23.78189,17.9688,2016,landsat
madagascar_2021_4,0,50.050026,50.92131,2021,landsat
madagascar_2021_7,0,56.825512,50.923588,2021,landsat
madagascar_2021_12,0,58.782177,43.781193,2021,landsat
madagascar_2021_25,0,44.41879,60.85633,2021,landsat
madagascar_2021_29,0,54.760025,46.637672,2021,landsat
madagascar_2021_36,0,50.536106,49.799786,2021,landsat
madagascar_2021_42,0,47.719044,43.464214,2021,landsat
madagascar_2021_44,0,48.6286,52.554554,2021,landsat
madagascar_2021_51,0,21.165495,30.228922,2021,landsat
madagascar_2021_56,0,57.718613,46.461555,2021,landsat
madagascar_2021_57,0,49.514816,50.776478,2021,landsat
madagascar_2021_61,0,40.394787,35.543156,2021,landsat
madagascar_2021_62,0,45.186428,47.382404,2021,landsat
madagascar_2021_65,0,44.888317,38.60944,2021,landsat
madagascar_2021_86,0,17.35172,18.522182,2021,landsat
madagascar_2021_97,0,19.233137,23.13443,2021,landsat
madagascar_2021_115,0,27.143906,15.302005,2021,landsat
madagascar_2021_121,0,23.26646,22.612675,2021,landsat
madagascar_2021_123,0,16.252127,18.363535,2021,landsat
madagascar_2021_127,0,20.61434,18.252476,2021,landsat
madagascar_2021_129,0,24.57158,25.430618,2021,landsat
madagascar_2021_133,0,40.291733,19.849813,2021,landsat
madagascar_2021_135,0,49.733677,19.392351,2021,landsat
madagascar_2021_138,0,27.011238,20.941088,2021,landsat
madagascar_2021_139,0,33.8546,17.021252,2021,landsat
madagascar_2021_143,0,27.38004,24.92192,2021,landsat
madagascar_2021_145,0,38.128498,32.519062,2021,landsat
madagascar_2021_150,0,32.130177,20.225857,2021,landsat
madagascar_2021_156,0,21.464128,40.993748,2021,landsat
madagascar_2021_159,0,21.2146,24.691803,2021,landsat
madagascar_2021_160,0,20.431246,16.716057,2021,landsat
madagascar_2021_171,0,16.515032,24.167233,2021,landsat
madagascar_2021_173,0,27.019262,27.042053,2021,landsat
madagascar_2021_177,0,26.743961,28.2873,2021,landsat
madagascar_2021_178,0,27.637175,37.00231,2021,landsat
madagascar_2021_182,0,30.014772,25.907629,2021,landsat
madagascar_2021_186,0,41.04294,33.461864,2021,landsat
madagascar_2021_194,0,27.82742,25.347174,2021,landsat
madagascar_2021_195,0,21.234518,26.739208,2021,landsat
madagascar_2021_208,0,23.131445,15.00329,2021,landsat
madagascar_2021_211,0,19.973364,20.93097,2021,landsat
madagascar_2021_214,0,47.242332,31.018272,2021,landsat
madagascar_2021_228,0,13.606157,22.444115,2021,landsat
madagascar_2021_231,0,15.336981,16.820194,2021,landsat
madagascar_2021_236,0,16.394484,18.443165,2021,landsat
madagascar_2021_238,0,13.856607,16.29301,2021,landsat
madagascar_2021_239,0,14.731508,15.803536,2021,landsat
madagascar_2021_243,0,55.053772,19.235233,2021,landsat
madagascar_2021_252,0,19.024363,15.822839,2021,landsat
madagascar_2021_254,0,18.079634,16.519289,2021,landsat
madagascar_2021_255,0,26.896334,15.919138,2021,landsat
madagascar_2021_256,0,36.186108,19.958311,2021,landsat
madagascar_2021_258,0,20.33132,21.96885,2021,landsat
madagascar_2021_259,0,25.440125,19.929672,2021,landsat
madagascar_2021_273,0,17.503351,14.848638,2021,landsat
madagascar_2021_279,0,38.818745,19.882664,2021,landsat
madagascar_2021_284,0,21.980024,18.969807,2021,landsat
madagascar_2021_287,0,18.48027,19.889528,2021,landsat
madagascar_2021_289,0,17.922834,17.657211,2021,landsat
madagascar_2021_292,0,10.5258465,15.917733,2021,landsat
madagascar_2021_303,0,16.322277,16.5332,2021,landsat
madagascar_2021_315,0,16.41662,21.999561,2021,landsat
madagascar_2021_323,0,26.433735,29.644001,2021,landsat
madagascar_2021_326,0,32.736374,36.890327,2021,landsat
madagascar_2021_328,0,34.65325,17.166489,2021,landsat
madagascar_2021_330,0,21.333563,19.31509,2021,landsat
madagascar_2021_333,0,59.131386,28.096033,2021,landsat
madagascar_2021_334,0,29.226791,15.234394,2021,landsat
madagascar_2021_342,0,60.989895,25.508892,2021,landsat
madagascar_2021_347,0,49.422924,17.817947,2021,landsat
madagascar_2021_354,0,17.271301,25.193586,2021,landsat
madagascar_2021_361,0,23.46422,16.367983,2021,landsat
madagascar_2021_371,0,22.615126,22.668419,2021,landsat
madagascar_2021_387,0,29.899864,20.267916,2021,landsat
madagascar_2021_392,0,20.551775,22.671772,2021,landsat
madagascar_2021_398,0,13.717334,17.209476,2021,landsat
madagascar_2021_408,0,23.341145,21.700935,2021,landsat
madagascar_2021_412,0,37.943787,40.08029,2021,landsat
madagascar_2021_416,0,16.92389,20.865393,2021,landsat
madagascar_2021_422,0,27.251993,21.962717,2021,landsat
madagascar_2021_426,0,45.637363,21.069855,2021,landsat
madagascar_2021_432,0,19.649015,33.040783,2021,landsat
madagascar_2021_438,0,20.041075,21.594103,2021,landsat
madagascar_2021_442,0,21.42303,21.357819,2021,landsat
madagascar_2021_444,0,14.479173,20.773617,2021,landsat
madagascar_2021_448,0,28.314018,23.462564,2021,landsat
madagascar_2021_451,0,24.328526,18.98623,2021,landsat
madagascar_2021_452,0,19.289236,27.060352,2021,landsat
madagascar_2021_460,0,15.353138,22.294205,2021,landsat
madagascar_2021_463,0,31.59372,31.472214,2021,landsat
madagascar_2021_464,0,23.566372,18.441183,2021,landsat
madagascar_2021_476,0,20.592184,21.193296,2021,landsat
madagascar_2021_484,0,14.266938,19.038591,2021,landsat
madagascar_2021_487,0,50.929794,41.11085,2021,landsat
madagascar_2021_488,0,51.417282,42.061253,2021,landsat
madagascar_2021_490,0,12.916252,17.93983,2021,landsat
madagascar_2021_492,0,14.533526,20.524347,2021,landsat
madagascar_2021_500,0,43.136597,22.29272,2021,landsat
madagascar_2021_503,0,12.872382,20.951693,2021,landsat
madagascar_2021_504,0,21.466295,20.841612,2021,landsat
madagascar_2021_505,0,15.869426,19.039865,2021,landsat
madagascar_2021_509,0,12.50237,15.945528,2021,landsat
madagascar_2021_513,0,25.844557,19.702885,2021,landsat
madagascar_2021_527,0,14.231149,19.396034,2021,landsat
madagascar_2021_528,0,18.956793,16.0849,2021,landsat
madagascar_2021_531,0,20.060833,20.435127,2021,landsat
madagascar_2021_536,0,21.569128,22.475702,2021,landsat
madagascar_2021_537,0,10.114072,22.02887,2021,landsat
madagascar_2021_550,0,12.788305,20.145046,2021,landsat
madagascar_2021_551,0,12.939322,19.210571,2021,landsat
madagascar_2021_556,0,17.697254,18.157497,2021,landsat
madagascar_2021_559,0,15.565905,19.78365,2021,landsat
madagascar_2021_564,0,12.952229,31.15145,2021,landsat
madagascar_2021_572,0,12.145978,22.807083,2021,landsat
madagascar_2021_577,0,26.94889,21.422623,2021,landsat
madagascar_2021_585,0,17.544403,17.730232,2021,landsat
madagascar_2021_588,0,16.048454,16.247686,2021,landsat
madagascar_2021_603,0,32.62815,16.957975,2021,landsat
madagascar_2021_604,0,19.504206,16.311619,2021,landsat
madagascar_2021_607,0,32.284317,20.236872,2021,landsat
madagascar_2021_609,0,19.044266,16.43786,2021,landsat
madagascar_2021_619,0,48.357944,12.960544,2021,landsat
madagascar_2021_620,0,22.113413,21.268497,2021,landsat
madagascar_2021_629,0,26.846327,21.046814,2021,landsat
madagascar_2021_637,0,44.090664,28.020067,2021,landsat
madagascar_2021_640,0,24.192377,17.34116,2021,landsat
madagascar_2021_642,0,25.98391,14.22444,2021,landsat
madagascar_2021_644,0,54.81252,18.772984,2021,landsat
madagascar_2021_646,0,41.374874,21.35832,2021,landsat
madagascar_2021_647,0,22.3941,27.216919,2021,landsat
madagascar_1997_7,1,33.10967,36.954784,1997,landsat
madagascar_1997_8,1,28.007658,34.975708,1997,landsat
madagascar_1997_14,1,44.515568,29.620527,1997,landsat
madagascar_1997_22,1,38.507793,49.74512,1997,landsat
madagascar_1997_26,1,22.814325,34.32994,1997,landsat
madagascar_1997_40,1,60.631237,44.191063,1997,landsat
madagascar_1997_67,1,14.316723,12.061345,1997,landsat
madagascar_1997_74,1,14.911711,16.490316,1997,landsat
madagascar_1997_88,1,29.620398,13.635356,1997,landsat
madagascar_1997_94,1,9.233936,11.074506,1997,landsat
madagascar_1997_109,1,10.823253,14.986599,1997,landsat
madagascar_1997_111,1,14.134939,13.284062,1997,landsat
madagascar_1997_112,1,11.431364,12.995799,1997,landsat
madagascar_1997_117,1,10.124381,16.416779,1997,landsat
madagascar_1997_119,1,10.376095,11.564922,1997,landsat
madagascar_1997_124,1,32.785927,16.43786,1997,landsat
madagascar_1997_125,1,34.013172,16.362938,1997,landsat
madagascar_1997_134,1,19.450798,13.799039,1997,landsat
madagascar_1997_144,1,9.6917305,15.66382,1997,landsat
madagascar_1997_155,1,11.082258,16.21181,1997,landsat
madagascar_1997_156,1,10.194975,21.618433,1997,landsat
madagascar_1997_160,1,37.12065,13.936978,1997,landsat
madagascar_1997_167,1,17.184927,17.503025,1997,landsat
madagascar_1997_180,1,11.093933,18.799894,1997,landsat
madagascar_1997_191,1,10.685466,24.787378,1997,landsat
madagascar_1997_194,1,10.838844,16.444044,1997,landsat
madagascar_1997_197,1,29.144558,28.814878,1997,landsat
madagascar_1997_201,1,9.358067,15.931682,1997,landsat
madagascar_1997_202,1,27.021807,35.929283,1997,landsat
madagascar_1997_208,1,10.905631,22.002222,1997,landsat
madagascar_1997_209,1,9.619255,16.45439,1997,landsat
madagascar_1997_217,1,14.980773,18.869028,1997,landsat
madagascar_1997_218,1,11.250106,17.269789,1997,landsat
madagascar_1997_222,1,14.058184,16.729069,1997,landsat
madagascar_1997_229,1,10.736464,16.388647,1997,landsat
madagascar_1997_231,1,9.465595,25.57295,1997,landsat
madagascar_1997_232,1,8.973202,48.667984,1997,landsat
madagascar_1997_233,1,8.69015,20.165691,1997,landsat
madagascar_1997_235,1,30.817533,45.44401,1997,landsat
madagascar_1997_236,1,30.318666,35.097298,1997,landsat
madagascar_1997_240,1,28.317793,9.546205,1997,landsat
madagascar_1997_249,1,12.936699,15.364562,1997,landsat
madagascar_1997_259,1,10.300649,18.490221,1997,landsat
madagascar_1997_261,1,11.782573,35.730476,1997,landsat
madagascar_1997_264,1,12.38861,11.35378,1997,landsat
madagascar_1997_267,1,16.810627,19.226665,1997,landsat
madagascar_2008_7,1,39.29035,52.046543,2008,landsat
madagascar_2008_9,1,74.11128,56.27356,2008,landsat
madagascar_2008_10,1,69.028145,53.679237,2008,landsat
madagascar_2008_12,1,58.4626,52.315624,2008,landsat
madagascar_2008_15,1,47.748905,51.801373,2008,landsat
madagascar_2008_16,1,40.425938,51.148254,2008,landsat
madagascar_2008_28,1,34.27834,51.497314,2008,landsat
madagascar_2008_35,1,41.546246,51.817078,2008,landsat
madagascar_2008_42,1,48.487843,54.057518,2008,landsat
madagascar_2008_49,1,49.753643,51.004646,2008,landsat
madagascar_2008_63,1,15.825557,13.270331,2008,landsat
madagascar_2008_64,1,15.297292,15.214559,2008,landsat
madagascar_2009_69,1,21.498034,24.464857,2009,landsat
madagascar_2008_72,1,37.73522,44.748188,2008,landsat
madagascar_2009_76,1,26.70871,30.406233,2009,landsat
madagascar_2009_78,1,53.14486,24.092525,2009,landsat
madagascar_2009_85,1,14.268592,15.647937,2009,landsat
madagascar_2009_88,1,12.348923,25.35338,2009,landsat
madagascar_2009_94,1,11.015336,19.511913,2009,landsat
madagascar_2009_95,1,12.50093,29.10145,2009,landsat
madagascar_2009_98,1,19.973457,36.69548,2009,landsat
madagascar_2009_100,1,30.111887,16.412292,2009,landsat
madagascar_2008_102,1,24.25532,20.185053,2008,landsat
madagascar_2008_104,1,20.315178,29.945513,2008,landsat
madagascar_2008_105,1,14.8181095,19.08666,2008,landsat
madagascar_2008_109,1,15.269073,16.341446,2008,landsat
madagascar_2008_133,1,12.112241,23.858625,2008,landsat
madagascar_2008_157,1,46.533287,22.740831,2008,landsat
madagascar_2009_179,1,3.4682825,19.72562,2009,landsat
madagascar_2009_185,1,13.60444,24.550695,2009,landsat
madagascar_2009_193,1,17.125942,18.66319,2009,landsat
madagascar_2009_205,1,14.115751,20.524004,2009,landsat
madagascar_2009_211,1,15.282515,18.886168,2009,landsat
madagascar_2009_212,1,15.569781,16.592436,2009,landsat
madagascar_2009_214,1,42.643623,26.562,2009,landsat
madagascar_2008_222,1,10.511523,24.607008,2008,landsat
madagascar_2009_225,1,16.128538,27.415148,2009,landsat
madagascar_2009_234,1,19.226727,18.35705,2009,landsat
madagascar_2009_237,1,22.173178,15.670814,2009,landsat
madagascar_2009_239,1,19.892317,20.362473,2009,landsat
madagascar_2009_247,1,17.939785,13.197358,2009,landsat
madagascar_2009_252,1,21.897997,22.761415,2009,landsat
madagascar_2009_257,1,19.691708,17.797527,2009,landsat
madagascar_2009_259,1,20.416302,21.0566,2009,landsat
madagascar_2009_261,1,23.82896,17.327469,2009,landsat
madagascar_2009_274,1,18.204332,25.713232,2009,landsat
madagascar_2009_277,1,53.92482,42.40844,2009,landsat
madagascar_2009_279,1,38.990025,38.065006,2009,landsat
madagascar_2009_284,1,14.231597,36.884735,2009,landsat
madagascar_2009_286,1,16.056456,16.886883,2009,landsat
madagascar_2009_288,1,15.789873,18.046831,2009,landsat
madagascar_2009_293,1,16.195063,17.876886,2009,landsat
madagascar_2009_300,1,13.239382,17.724627,2009,landsat
madagascar_2009_317,1,14.392113,19.266977,2009,landsat
madagascar_2009_318,1,16.380953,20.589437,2009,landsat
madagascar_2009_326,1,20.984331,17.212416,2009,landsat
madagascar_2009_350,1,17.67774,15.646346,2009,landsat
madagascar_2008_359,1,13.419286,18.109146,2008,landsat
madagascar_2009_383,1,18.976469,16.080286,2009,landsat
madagascar_2009_385,1,20.641394,29.132145,2009,landsat
madagascar_2009_391,1,22.605415,22.289125,2009,landsat
madagascar_2009_393,1,43.668137,18.52819,2009,landsat
madagascar_2009_394,1,18.70553,18.656677,2009,landsat
madagascar_2008_396,1,19.085896,17.478277,2008,landsat
madagascar_2009_428,1,17.694988,17.806753,2009,landsat
madagascar_2009_430,1,14.231312,18.936342,2009,landsat
madagascar_2009_436,1,6.637139,19.4087,2009,landsat
madagascar_2009_439,1,9.713402,20.699911,2009,landsat
madagascar_2009_440,1,40.84858,15.938987,2009,landsat
madagascar_2009_446,1,16.947403,16.826412,2009,landsat
madagascar_2008_459,1,17.552608,17.665768,2008,landsat
madagascar_2009_461,1,18.972546,18.279303,2009,landsat
madagascar_2009_463,1,18.302614,20.662134,2009,landsat
madagascar_2009_464,1,18.416876,20.472857,2009,landsat
madagascar_2009_467,1,14.756235,18.991434,2009,landsat
madagascar_2009_472,1,17.248835,27.990324,2009,landsat
madagascar_2009_475,1,15.434073,25.23662,2009,landsat
madagascar_2009_477,1,14.320721,14.093963,2009,landsat
madagascar_2009_488,1,20.47821,15.347997,2009,landsat
madagascar_2009_496,1,16.671627,17.022865,2009,landsat
madagascar_2009_499,1,16.37479,18.799109,2009,landsat
madagascar_2009_510,1,17.130175,17.358568,2009,landsat
madagascar_2009_529,1,51.491943,37.976044,2009,landsat
madagascar_2009_542,1,27.222694,18.339436,2009,landsat
madagascar_2009_544,1,14.085706,15.243869,2009,landsat
madagascar_2009_547,1,23.551083,17.07744,2009,landsat
madagascar_2009_548,1,17.432137,22.684668,2009,landsat
madagascar_2009_557,1,20.870695,41.782867,2009,landsat
madagascar_2009_558,1,42.550392,47.469482,2009,landsat
madagascar_2009_562,1,14.516119,16.46661,2009,landsat
madagascar_2009_566,1,15.494014,18.65875,2009,landsat
madagascar_2009_569,1,23.242907,23.767757,2009,landsat
madagascar_2009_570,1,36.485485,18.600677,2009,landsat
madagascar_2009_574,1,15.865362,17.015562,2009,landsat
madagascar_2009_577,1,28.624062,33.078667,2009,landsat
madagascar_2008_592,1,22.650501,19.589018,2008,landsat
madagascar_2008_594,1,19.038263,18.289093,2008,landsat
madagascar_2009_596,1,12.951939,17.24122,2009,landsat
madagascar_2009_598,1,10.589585,27.170887,2009,landsat
madagascar_2011_3,1,59.72494,35.903557,2011,landsat
madagascar_2011_6,1,50.84073,39.571487,2011,landsat
madagascar_2011_9,1,34.632908,33.284992,2011,landsat
madagascar_2011_11,1,17.884802,18.576385,2011,landsat
madagascar_2011_14,1,20.558275,31.809887,2011,landsat
madagascar_2011_17,1,30.810316,25.322306,2011,landsat
madagascar_2011_28,1,22.813377,16.936224,2011,landsat
madagascar_2011_32,1,47.201176,21.999575,2011,landsat
madagascar_2011_43,1,36.877857,16.164831,2011,landsat
madagascar_2011_52,1,13.64126,16.028936,2011,landsat
madagascar_2011_54,1,38.59567,20.769875,2011,landsat
madagascar_2011_58,1,17.250664,28.373049,2011,landsat
madagascar_2011_66,1,18.028122,18.665058,2011,landsat
madagascar_2011_71,1,22.951317,24.008493,2011,landsat
madagascar_2011_74,1,12.186563,16.180931,2011,landsat
madagascar_2011_91,1,8.666354,24.244074,2011,landsat
madagascar_2011_97,1,62.70062,62.04605,2011,landsat
madagascar_2011_100,1,69.93314,54.20407,2011,landsat
madagascar_2011_104,1,15.440801,17.2875,2011,landsat
madagascar_2011_110,1,25.693115,30.739576,2011,landsat
madagascar_2011_112,1,34.579292,35.260654,2011,landsat
madagascar_2011_119,1,22.912325,29.580683,2011,landsat
madagascar_2011_125,1,27.644352,16.582918,2011,landsat
madagascar_2011_130,1,79.789986,54.26243,2011,landsat
madagascar_2011_134,1,32.48013,50.758278,2011,landsat
madagascar_2011_137,1,18.143791,16.69589,2011,landsat
madagascar_2011_140,1,14.316186,14.805289,2011,landsat
madagascar_2011_143,1,56.17504,17.687368,2011,landsat
madagascar_2011_151,1,14.31011,24.843794,2011,landsat
madagascar_2011_163,1,11.442224,18.985136,2011,landsat
madagascar_2011_166,1,8.747266,19.721138,2011,landsat
madagascar_2011_167,1,7.15844,16.457216,2011,landsat
madagascar_2011_183,1,13.237922,18.851797,2011,landsat
madagascar_2011_185,1,11.102487,25.738138,2011,landsat
madagascar_2011_190,1,18.968782,18.920275,2011,landsat
madagascar_2011_195,1,11.164444,15.585948,2011,landsat
madagascar_2011_202,1,10.858054,21.828835,2011,landsat
madagascar_2011_204,1,38.695473,14.471459,2011,landsat
madagascar_2011_207,1,15.692385,13.592513,2011,landsat
madagascar_2011_209,1,9.289411,13.987332,2011,landsat
madagascar_2011_212,1,13.0386915,22.88767,2011,landsat
madagascar_2011_219,1,14.727904,18.451788,2011,landsat
madagascar_2011_225,1,11.396851,35.69774,2011,landsat
madagascar_2011_231,1,16.568352,24.635904,2011,landsat
madagascar_2011_236,1,11.336978,14.647454,2011,landsat
madagascar_2011_243,1,49.275196,48.821983,2011,landsat
madagascar_2011_249,1,62.055984,40.6566,2011,landsat
madagascar_2011_252,1,47.528652,29.53865,2011,landsat
madagascar_2011_257,1,40.931454,13.988292,2011,landsat
madagascar_2011_262,1,38.70666,31.12478,2011,landsat
madagascar_2011_265,1,21.243465,14.342066,2011,landsat
madagascar_2013_1,1,52.33229,41.32975,2013,landsat
madagascar_2013_6,1,44.198105,35.20484,2013,landsat
madagascar_2013_7,1,53.09215,32.992504,2013,landsat
madagascar_2013_13,1,27.633635,20.672705,2013,landsat
madagascar_2013_19,1,23.766567,11.758306,2013,landsat
madagascar_2013_22,1,32.361633,37.21384,2013,landsat
madagascar_2013_25,1,28.073717,27.082827,2013,landsat
madagascar_2013_32,1,20.368301,23.411192,2013,landsat
madagascar_2013_35,1,38.80164,25.377205,2013,landsat
madagascar_2013_44,1,24.015173,22.647505,2013,landsat
madagascar_2013_50,1,39.012726,20.400496,2013,landsat
madagascar_2013_54,1,52.0743,30.224373,2013,landsat
madagascar_2013_55,1,18.899164,17.63418,2013,landsat
madagascar_2013_60,1,20.538717,10.105586,2013,landsat
madagascar_2013_61,1,14.41776,20.777073,2013,landsat
madagascar_2013_68,1,53.127632,30.06311,2013,landsat
madagascar_2013_75,1,20.223106,23.739092,2013,landsat
madagascar_2013_80,1,11.113808,18.016396,2013,landsat
madagascar_2013_83,1,18.53147,18.786085,2013,landsat
madagascar_2013_95,1,13.910253,15.288993,2013,landsat
madagascar_2013_100,1,16.498335,14.403895,2013,landsat
madagascar_2013_106,1,54.239105,41.157974,2013,landsat
madagascar_2013_109,1,69.69404,52.587097,2013,landsat
madagascar_2013_111,1,13.699299,15.5653715,2013,landsat
madagascar_2013_115,1,16.853983,36.23915,2013,landsat
madagascar_2013_118,1,38.567608,23.913115,2013,landsat
madagascar_2013_123,1,19.198875,21.310266,2013,landsat
madagascar_2013_127,1,27.694168,19.942385,2013,landsat
madagascar_2013_132,1,17.79068,43.452793,2013,landsat
madagascar_2013_133,1,12.536433,20.41064,2013,landsat
madagascar_2013_134,1,47.927628,15.356656,2013,landsat
madagascar_2013_135,1,27.530493,15.161387,2013,landsat
madagascar_2013_138,1,30.240986,21.059984,2013,landsat
madagascar_2013_144,1,54.256874,38.894737,2013,landsat
madagascar_2013_147,1,15.8328,20.583769,2013,landsat
madagascar_2013_156,1,11.510259,20.273691,2013,landsat
madagascar_2013_159,1,14.42783,24.270203,2013,landsat
madagascar_2013_167,1,15.407222,18.070944,2013,landsat
madagascar_2013_187,1,8.542847,28.473494,2013,landsat
madagascar_2013_190,1,16.64935,18.594141,2013,landsat
madagascar_2013_193,1,13.162583,17.201715,2013,landsat
madagascar_2013_196,1,6.5804014,16.071882,2013,landsat
madagascar_2013_203,1,11.742688,18.224249,2013,landsat
madagascar_2013_208,1,6.3118687,16.264389,2013,landsat
madagascar_2013_215,1,10.510787,19.672585,2013,landsat
madagascar_2013_217,1,24.412668,15.736314,2013,landsat
madagascar_2013_219,1,12.805228,16.953726,2013,landsat
madagascar_2013_227,1,12.582451,22.450356,2013,landsat
madagascar_2013_228,1,11.565536,20.02128,2013,landsat
madagascar_2013_234,1,11.064339,19.931658,2013,landsat
madagascar_2013_256,1,48.821102,31.000248,2013,landsat
madagascar_2013_260,1,17.78215,19.989614,2013,landsat
madagascar_2013_262,1,16.263403,41.71163,2013,landsat
madagascar_2013_265,1,36.059155,46.08945,2013,landsat
madagascar_2013_273,1,34.033234,22.32178,2013,landsat
madagascar_2013_275,1,50.91917,24.224052,2013,landsat
madagascar_2013_278,1,21.140951,19.643679,2013,landsat
madagascar_2013_280,1,20.296707,11.661091,2013,landsat
madagascar_2016_3,1,26.629763,23.54096,2016,landsat
madagascar_2016_4,1,38.559116,35.005783,2016,landsat
madagascar_2016_6,1,24.138348,21.839228,2016,landsat
madagascar_2016_12,1,56.34552,34.216194,2016,landsat
madagascar_2016_13,1,50.601295,29.621925,2016,landsat
madagascar_2016_21,1,11.655533,18.527102,2016,landsat
madagascar_2016_41,1,11.36739,18.850489,2016,landsat
madagascar_2016_47,1,15.590602,17.90822,2016,landsat
madagascar_2016_49,1,47.638702,17.457918,2016,landsat
madagascar_2016_53,1,25.832119,20.931128,2016,landsat
madagascar_2016_66,1,9.777501,20.764875,2016,landsat
madagascar_2016_80,1,28.981997,21.78331,2016,landsat
madagascar_2016_85,1,25.804087,27.399971,2016,landsat
madagascar_2016_93,1,21.262842,22.233315,2016,landsat
madagascar_2016_96,1,18.223349,25.464502,2016,landsat
madagascar_2016_101,1,12.156619,18.430086,2016,landsat
madagascar_2016_114,1,13.508641,21.9689,2016,landsat
madagascar_2016_122,1,28.631758,18.88059,2016,landsat
madagascar_2016_136,1,10.058758,18.198835,2016,landsat
madagascar_2016_154,1,16.475534,15.679588,2016,landsat
madagascar_2016_160,1,24.411524,16.63442,2016,landsat
madagascar_2016_182,1,15.9032,18.50694,2016,landsat
madagascar_2016_188,1,15.121799,22.210295,2016,landsat
madagascar_2016_193,1,47.69101,17.603989,2016,landsat
madagascar_2016_196,1,21.511143,45.261765,2016,landsat
madagascar_2016_200,1,22.981186,20.54152,2016,landsat
madagascar_2016_205,1,14.32601,19.484234,2016,landsat
madagascar_2016_208,1,10.346833,15.506301,2016,landsat
madagascar_2016_218,1,11.15947,19.483015,2016,landsat
madagascar_2016_227,1,48.192783,21.174204,2016,landsat
madagascar_2016_253,1,29.40143,17.437456,2016,landsat
madagascar_2016_267,1,10.993979,18.815828,2016,landsat
madagascar_2016_280,1,6.1281233,16.27519,2016,landsat
madagascar_2016_285,1,8.849128,24.519442,2016,landsat
madagascar_2016_289,1,17.914555,40.986053,2016,landsat
madagascar_2016_290,1,9.340713,20.808084,2016,landsat
madagascar_2016_294,1,11.92302,27.310408,2016,landsat
madagascar_2016_299,1,13.963344,13.35904,2016,landsat
madagascar_2016_300,1,16.284803,12.381652,2016,landsat
madagascar_2016_303,1,12.735933,14.564779,2016,landsat
madagascar_2016_304,1,10.310664,14.962386,2016,landsat
madagascar_2016_318,1,31.351212,16.689058,2016,landsat
madagascar_2016_327,1,15.067912,15.029603,2016,landsat
madagascar_2016_328,1,40.27664,17.24191,2016,landsat
madagascar_2016_329,1,14.886586,18.326061,2016,landsat
madagascar_2016_338,1,26.721834,24.034464,2016,landsat
madagascar_2016_339,1,15.431985,16.796736,2016,landsat
madagascar_2016_343,1,8.694087,18.574945,2016,landsat
madagascar_2016_352,1,16.045483,18.179062,2016,landsat
madagascar_2016_358,1,17.061056,18.22447,2016,landsat
madagascar_2016_360,1,21.387163,23.461779,2016,landsat
madagascar_2016_364,1,36.976593,27.878334,2016,landsat
madagascar_2016_367,1,24.111109,19.241068,2016,landsat
madagascar_2016_370,1,30.007982,24.110487,2016,landsat
madagascar_2016_371,1,26.392212,17.164854,2016,landsat
madagascar_2016_372,1,14.376191,18.702534,2016,landsat
madagascar_2021_9,1,48.926304,46.54747,2021,landsat
madagascar_2021_20,1,69.85837,51.35173,2021,landsat
madagascar_2021_28,1,52.222507,50.053276,2021,landsat
madagascar_2021_31,1,43.945747,48.351776,2021,landsat
madagascar_2021_34,1,61.65641,53.088764,2021,landsat
madagascar_2021_37,1,53.08388,51.898926,2021,landsat
madagascar_2021_40,1,54.970047,52.82927,2021,landsat
madagascar_2021_41,1,51.547398,47.234077,2021,landsat
madagascar_2021_45,1,50.28547,48.17655,2021,landsat
madagascar_2021_48,1,27.318413,27.830633,2021,landsat
madagascar_2021_49,1,29.527473,28.7299,2021,landsat
madagascar_2021_50,1,30.233597,23.283548,2021,landsat
madagascar_2021_52,1,22.158741,31.921125,2021,landsat
madagascar_2021_55,1,30.547174,15.477102,2021,landsat
madagascar_2021_59,1,24.787762,28.454477,2021,landsat
madagascar_2021_68,1,47.522743,47.699387,2021,landsat
madagascar_2021_72,1,32.166313,17.37166,2021,landsat
madagascar_2021_74,1,51.59729,28.681479,2021,landsat
madagascar_2021_77,1,63.807827,45.396408,2021,landsat
madagascar_2021_82,1,34.218052,49.34028,2021,landsat
madagascar_2021_85,1,22.89448,16.914331,2021,landsat
madagascar_2021_87,1,21.15415,27.850752,2021,landsat
madagascar_2021_90,1,30.622755,40.89127,2021,landsat
madagascar_2021_95,1,19.215668,19.0781,2021,landsat
madagascar_2021_96,1,15.130164,19.13845,2021,landsat
madagascar_2021_101,1,25.508142,31.427938,2021,landsat
madagascar_2021_102,1,17.89285,17.65591,2021,landsat
madagascar_2021_104,1,19.184113,19.892752,2021,landsat
madagascar_2021_110,1,29.825665,34.180542,2021,landsat
madagascar_2021_113,1,22.066324,20.366701,2021,landsat
madagascar_2021_114,1,46.644512,19.661837,2021,landsat
madagascar_2021_119,1,43.42148,28.134638,2021,landsat
madagascar_2021_122,1,21.652653,23.280766,2021,landsat
madagascar_2021_125,1,48.97607,22.505886,2021,landsat
madagascar_2021_126,1,25.26411,25.183317,2021,landsat
madagascar_2021_130,1,21.857033,34.591644,2021,landsat
madagascar_2021_131,1,15.892617,17.684711,2021,landsat
madagascar_2021_132,1,25.062922,28.720263,2021,landsat
madagascar_2021_144,1,20.342733,24.284876,2021,landsat
madagascar_2021_149,1,20.428656,21.527067,2021,landsat
madagascar_2021_155,1,23.41724,34.98622,2021,landsat
madagascar_2021_163,1,42.971363,33.177414,2021,landsat
madagascar_2021_167,1,19.000713,18.76546,2021,landsat
madagascar_2021_175,1,24.419561,36.870132,2021,landsat
madagascar_2021_180,1,26.792452,34.29556,2021,landsat
madagascar_2021_184,1,18.515858,23.223248,2021,landsat
madagascar_2021_197,1,12.416947,27.435957,2021,landsat
madagascar_2021_204,1,45.424446,28.315123,2021,landsat
madagascar_2021_215,1,25.956654,15.470571,2021,landsat
madagascar_2021_222,1,17.963417,18.855131,2021,landsat
madagascar_2021_235,1,13.954658,19.001749,2021,landsat
madagascar_2021_237,1,34.64385,14.854535,2021,landsat
madagascar_2021_241,1,19.278996,19.822443,2021,landsat
madagascar_2021_249,1,15.068873,17.759127,2021,landsat
madagascar_2021_250,1,15.288073,17.497458,2021,landsat
madagascar_2021_257,1,19.744335,19.406324,2021,landsat
madagascar_2021_267,1,29.050934,22.10931,2021,landsat
madagascar_2021_272,1,12.552155,14.485415,2021,landsat
madagascar_2021_274,1,15.662701,15.366021,2021,landsat
madagascar_2021_275,1,17.024595,16.865347,2021,landsat
madagascar_2021_281,1,12.990355,13.731267,2021,landsat
madagascar_2021_283,1,14.03344,17.163355,2021,landsat
madagascar_2021_290,1,11.578503,13.04475,2021,landsat
madagascar_2021_298,1,46.827534,53.86626,2021,landsat
madagascar_2021_310,1,15.858147,17.913286,2021,landsat
madagascar_2021_312,1,18.601622,15.609117,2021,landsat
madagascar_2021_318,1,17.884274,22.904982,2021,landsat
madagascar_2021_322,1,32.249493,38.530586,2021,landsat
madagascar_2021_331,1,26.411982,29.48017,2021,landsat
madagascar_2021_336,1,23.391388,25.347105,2021,landsat
madagascar_2021_337,1,43.291836,25.25009,2021,landsat
madagascar_2021_348,1,64.79759,17.14783,2021,landsat
madagascar_2021_349,1,29.727425,28.209152,2021,landsat
madagascar_2021_353,1,11.068855,49.057556,2021,landsat
madagascar_2021_358,1,44.66378,18.11838,2021,landsat
madagascar_2021_360,1,31.727701,17.551752,2021,landsat
madagascar_2021_364,1,35.304073,19.58669,2021,landsat
madagascar_2021_365,1,22.842749,26.463694,2021,landsat
madagascar_2021_368,1,29.093287,19.673498,2021,landsat
madagascar_2021_369,1,41.859882,44.62835,2021,landsat
madagascar_2021_370,1,41.346806,17.630436,2021,landsat
madagascar_2021_372,1,12.465895,16.445127,2021,landsat
madagascar_2021_375,1,58.261883,46.382774,2021,landsat
madagascar_2021_376,1,54.238953,52.021103,2021,landsat
madagascar_2021_388,1,39.582447,24.576311,2021,landsat
madagascar_2021_390,1,18.085228,21.863056,2021,landsat
madagascar_2021_396,1,33.206497,17.748259,2021,landsat
madagascar_2021_403,1,12.19602,15.018862,2021,landsat
madagascar_2021_404,1,15.682943,18.43949,2021,landsat
madagascar_2021_407,1,18.900593,17.854567,2021,landsat
madagascar_2021_410,1,27.110138,17.813547,2021,landsat
madagascar_2021_423,1,32.46226,14.807647,2021,landsat
madagascar_2021_429,1,27.019697,17.903112,2021,landsat
madagascar_2021_430,1,54.330513,18.08708,2021,landsat
madagascar_2021_434,1,18.545837,19.035875,2021,landsat
madagascar_2021_440,1,13.975021,19.586634,2021,landsat
madagascar_2021_450,1,21.644798,32.507965,2021,landsat
madagascar_2021_462,1,14.55585,17.755793,2021,landsat
madagascar_2021_467,1,17.137165,20.76792,2021,landsat
madagascar_2021_472,1,17.658562,28.80601,2021,landsat
madagascar_2021_481,1,10.692258,20.489971,2021,landsat
madagascar_2021_489,1,20.804602,27.845228,2021,landsat
madagascar_2021_491,1,25.638737,15.825819,2021,landsat
madagascar_2021_496,1,19.93196,16.606739,2021,landsat
madagascar_2021_498,1,20.02043,38.772926,2021,landsat
madagascar_2021_510,1,34.868248,18.355236,2021,landsat
madagascar_2021_511,1,16.443342,17.664299,2021,landsat
madagascar_2021_515,1,13.371707,16.148952,2021,landsat
madagascar_2021_517,1,10.407816,20.6952,2021,landsat
madagascar_2021_521,1,10.840218,16.309134,2021,landsat
madagascar_2021_522,1,14.660092,25.951574,2021,landsat
madagascar_2021_530,1,13.723109,20.755957,2021,landsat
madagascar_2021_535,1,13.657806,17.079554,2021,landsat
madagascar_2021_542,1,51.43271,34.279022,2021,landsat
madagascar_2021_547,1,15.524625,19.548952,2021,landsat
madagascar_2021_554,1,16.603006,16.864805,2021,landsat
madagascar_2021_557,1,20.025244,17.120615,2021,landsat
madagascar_2021_560,1,11.703371,22.754488,2021,landsat
madagascar_2021_563,1,21.341003,16.027506,2021,landsat
madagascar_2021_568,1,47.269768,39.88086,2021,landsat
madagascar_2021_581,1,21.347336,19.338175,2021,landsat
madagascar_2021_583,1,25.587048,24.305292,2021,landsat
madagascar_2021_586,1,18.400116,16.853054,2021,landsat
madagascar_2021_590,1,16.30791,18.161304,2021,landsat
madagascar_2021_595,1,55.28539,47.602882,2021,landsat
madagascar_2021_596,1,45.819668,44.895897,2021,landsat
madagascar_2021_602,1,28.423986,18.125656,2021,landsat
madagascar_2021_608,1,36.5459,18.130999,2021,landsat
madagascar_2021_617,1,46.67422,41.660873,2021,landsat
madagascar_2021_621,1,25.153517,16.823206,2021,landsat
madagascar_2021_623,1,23.858173,19.198172,2021,landsat
madagascar_2021_625,1,22.921875,17.880589,2021,landsat
madagascar_2021_633,1,40.322758,20.046585,2021,landsat
madagascar_2021_636,1,18.617064,17.495312,2021,landsat
madagascar_2021_638,1,19.842882,27.957973,2021,landsat
madagascar_2021_639,1,16.423841,22.53259,2021,landsat
madagascar_2021_643,1,29.838213,18.336851,2021,landsat
madagascar_2021_650,1,20.04946,20.413004,2021,landsat
madagascar_2021_655,1,31.452488,22.50062,2021,landsat
madagascar_2021_657,1,19.75329,13.900552,2021,landsat
madagascar_1997_2,2,25.333185,37.588257,1997,landsat
madagascar_1997_4,2,36.482098,37.13675,1997,landsat
madagascar_1997_9,2,25.04087,39.32269,1997,landsat
madagascar_1997_16,2,28.525866,37.36074,1997,landsat
madagascar_1997_19,2,30.632593,37.099796,1997,landsat
madagascar_1997_23,2,40.291985,15.157505,1997,landsat
madagascar_1997_36,2,43.951,32.913113,1997,landsat
madagascar_1997_38,2,37.286,42.665264,1997,landsat
madagascar_1997_39,2,26.15196,38.36348,1997,landsat
madagascar_1997_42,2,61.00697,41.572327,1997,landsat
madagascar_1997_46,2,49.121727,44.28033,1997,landsat
madagascar_1997_54,2,21.64883,20.803139,1997,landsat
madagascar_1997_62,2,12.277397,22.390001,1997,landsat
madagascar_1997_65,2,16.825748,23.0044,1997,landsat
madagascar_1997_66,2,9.26924,16.777292,1997,landsat
madagascar_1997_73,2,13.974464,18.574228,1997,landsat
madagascar_1997_76,2,12.763796,23.17065,1997,landsat
madagascar_1997_79,2,14.172289,13.436779,1997,landsat
madagascar_1997_92,2,22.111584,27.917137,1997,landsat
madagascar_1997_98,2,11.971922,15.31439,1997,landsat
madagascar_1997_108,2,11.315405,16.197407,1997,landsat
madagascar_1997_110,2,13.500298,15.153917,1997,landsat
madagascar_1997_122,2,6.8651314,19.214811,1997,landsat
madagascar_1997_126,2,39.90061,22.29165,1997,landsat
madagascar_1997_132,2,21.862879,21.171877,1997,landsat
madagascar_1997_140,2,12.595502,14.0534935,1997,landsat
madagascar_1997_141,2,12.313473,14.662912,1997,landsat
madagascar_1997_145,2,13.22845,21.310503,1997,landsat
madagascar_1997_151,2,13.101459,16.87178,1997,landsat
madagascar_1997_154,2,13.7217,26.250956,1997,landsat
madagascar_1997_157,2,11.654692,15.298452,1997,landsat
madagascar_1997_159,2,11.981951,14.39934,1997,landsat
madagascar_1997_162,2,22.905775,39.23611,1997,landsat
madagascar_1997_171,2,14.152584,19.354483,1997,landsat
madagascar_1997_173,2,14.343954,19.99944,1997,landsat
madagascar_1997_176,2,9.677987,19.76913,1997,landsat
madagascar_1997_179,2,8.929949,20.33399,1997,landsat
madagascar_1997_182,2,12.119199,22.961958,1997,landsat
madagascar_1997_185,2,10.595323,19.57181,1997,landsat
madagascar_1997_187,2,11.183414,20.241325,1997,landsat
madagascar_1997_195,2,11.358194,19.738438,1997,landsat
madagascar_1997_203,2,10.122511,15.045713,1997,landsat
madagascar_1997_210,2,9.512254,19.608541,1997,landsat
madagascar_1997_211,2,11.749483,17.183693,1997,landsat
madagascar_1997_212,2,10.333608,18.776133,1997,landsat
madagascar_1997_213,2,22.222364,19.592714,1997,landsat
madagascar_1997_216,2,10.126915,16.359484,1997,landsat
madagascar_1997_221,2,8.943496,15.842936,1997,landsat
madagascar_1997_225,2,10.630665,15.830145,1997,landsat
madagascar_1997_237,2,25.73766,34.902294,1997,landsat
madagascar_1997_239,2,45.98902,15.174894,1997,landsat
madagascar_1997_243,2,24.259733,19.59944,1997,landsat
madagascar_1997_245,2,11.279919,13.632826,1997,landsat
madagascar_1997_257,2,11.720496,14.396923,1997,landsat
madagascar_1997_268,2,14.678443,19.251722,1997,landsat
madagascar_2008_2,2,41.987095,41.049423,2008,landsat
madagascar_2008_6,2,44.178997,53.40725,2008,landsat
madagascar_2008_11,2,70.63824,35.17633,2008,landsat
madagascar_2008_17,2,38.62167,50.387188,2008,landsat
madagascar_2008_20,2,69.15098,52.972527,2008,landsat
madagascar_2008_23,2,37.842163,53.286797,2008,landsat
madagascar_2008_27,2,36.758556,35.13655,2008,landsat
madagascar_2008_31,2,61.12171,51.21352,2008,landsat
madagascar_2008_32,2,59.676716,38.02638,2008,landsat
madagascar_2008_36,2,53.028194,46.46825,2008,landsat
madagascar_2008_38,2,68.39298,53.392723,2008,landsat
madagascar_2008_45,2,51.68326,52.54697,2008,landsat
madagascar_2008_51,2,37.10254,48.177113,2008,landsat
madagascar_2008_54,2,22.60863,37.21334,2008,landsat
madagascar_2008_58,2,42.751522,19.088972,2008,landsat
madagascar_2008_59,2,15.195779,24.73427,2008,landsat
madagascar_2008_61,2,19.087145,18.873331,2008,landsat
madagascar_2008_73,2,44.886784,51.339027,2008,landsat
madagascar_2008_74,2,31.093916,40.411957,2008,landsat
madagascar_2008_75,2,26.198298,50.96771,2008,landsat
madagascar_2009_77,2,44.77524,33.313084,2009,landsat
madagascar_2009_82,2,45.82447,28.579935,2009,landsat
madagascar_2009_87,2,13.48873,28.163525,2009,landsat
madagascar_2009_91,2,15.29053,20.89644,2009,landsat
madagascar_2009_97,2,24.862078,25.796452,2009,landsat
madagascar_2008_103,2,24.643862,19.483229,2008,landsat
madagascar_2008_113,2,23.682053,22.445139,2008,landsat
madagascar_2009_151,2,46.63455,36.47713,2009,landsat
madagascar_2009_155,2,40.20039,42.08835,2009,landsat
madagascar_2009_158,2,10.791404,19.38899,2009,landsat
madagascar_2009_169,2,13.566536,32.269615,2009,landsat
madagascar_2009_174,2,18.184845,22.033716,2009,landsat
madagascar_2009_175,2,15.186413,17.52273,2009,landsat
madagascar_2009_176,2,7.5858684,23.36566,2009,landsat
madagascar_2009_181,2,34.154762,20.071362,2009,landsat
madagascar_2009_186,2,5.028204,21.601288,2009,landsat
madagascar_2009_187,2,15.376639,20.160704,2009,landsat
madagascar_2009_189,2,6.0672364,21.159372,2009,landsat
madagascar_2009_192,2,44.415585,21.633032,2009,landsat
madagascar_2009_201,2,16.011051,18.408636,2009,landsat
madagascar_2009_216,2,15.941212,15.09614,2009,landsat
madagascar_2009_219,2,16.894846,15.267971,2009,landsat
madagascar_2008_223,2,7.3358502,17.14696,2008,landsat
madagascar_2009_229,2,35.40821,23.828814,2009,landsat
madagascar_2009_232,2,20.374187,19.24983,2009,landsat
madagascar_2009_241,2,21.986057,17.20311,2009,landsat
madagascar_2009_243,2,20.17615,20.147507,2009,landsat
madagascar_2009_246,2,17.894972,25.056042,2009,landsat
madagascar_2009_254,2,13.413407,15.047148,2009,landsat
madagascar_2009_255,2,13.937866,17.118938,2009,landsat
madagascar_2009_256,2,18.954792,24.029816,2009,landsat
madagascar_2009_262,2,18.677864,14.980564,2009,landsat
madagascar_2009_271,2,17.974075,18.643145,2009,landsat
madagascar_2009_273,2,20.559666,19.94726,2009,landsat
madagascar_2009_275,2,19.388353,26.315248,2009,landsat
madagascar_2009_276,2,50.84816,42.98585,2009,landsat
madagascar_2009_289,2,37.373337,42.996597,2009,landsat
madagascar_2009_298,2,12.760565,15.619085,2009,landsat
madagascar_2008_301,2,25.819014,40.104958,2008,landsat
madagascar_2008_302,2,35.70059,43.085682,2008,landsat
madagascar_2009_310,2,15.549547,19.436556,2009,landsat
madagascar_2009_316,2,15.97522,17.20522,2009,landsat
madagascar_2009_319,2,25.613873,16.789875,2009,landsat
madagascar_2009_343,2,24.701967,20.920103,2009,landsat
madagascar_2008_378,2,23.049334,30.327913,2008,landsat
madagascar_2008_387,2,21.243305,22.397652,2008,landsat
madagascar_2009_395,2,24.200296,17.919252,2009,landsat
madagascar_2009_397,2,19.329914,21.479046,2009,landsat
madagascar_2009_426,2,13.869299,16.784399,2009,landsat
madagascar_2009_437,2,10.255371,18.844423,2009,landsat
madagascar_2009_441,2,46.67102,40.554344,2009,landsat
madagascar_2009_451,2,63.156876,43.801697,2009,landsat
madagascar_2009_455,2,36.42895,41.908276,2009,landsat
madagascar_2009_460,2,15.088851,19.174349,2009,landsat
madagascar_2009_466,2,15.785249,18.837095,2009,landsat
madagascar_2009_476,2,14.936389,18.841463,2009,landsat
madagascar_2009_478,2,12.871084,21.923824,2009,landsat
madagascar_2009_480,2,15.860013,12.479498,2009,landsat
madagascar_2009_486,2,19.96174,23.152948,2009,landsat
madagascar_2009_494,2,16.01308,21.491123,2009,landsat
madagascar_2009_509,2,17.283571,17.307692,2009,landsat
madagascar_2008_512,2,38.723545,18.699297,2008,landsat
madagascar_2009_513,2,31.02114,19.963095,2009,landsat
madagascar_2009_517,2,36.74469,20.895277,2009,landsat
madagascar_2009_518,2,13.28047,16.327242,2009,landsat
madagascar_2009_519,2,43.677284,23.750326,2009,landsat
madagascar_2009_521,2,20.094782,21.218033,2009,landsat
madagascar_2009_523,2,18.553032,16.885815,2009,landsat
madagascar_2009_533,2,22.101473,41.65074,2009,landsat
madagascar_2009_539,2,22.8326,22.703695,2009,landsat
madagascar_2009_555,2,50.566322,35.98577,2009,landsat
madagascar_2009_561,2,20.549109,20.807083,2009,landsat
madagascar_2009_563,2,29.09958,18.005861,2009,landsat
madagascar_2009_567,2,45.486336,30.92504,2009,landsat
madagascar_2009_571,2,18.199562,19.106165,2009,landsat
madagascar_2009_572,2,15.503742,19.318354,2009,landsat
madagascar_2009_579,2,12.792145,31.066896,2009,landsat
madagascar_2008_595,2,22.983192,16.087694,2008,landsat
madagascar_2009_597,2,12.335043,19.521063,2009,landsat
madagascar_2011_7,2,54.157303,31.036661,2011,landsat
madagascar_2011_13,2,29.403397,14.721855,2011,landsat
madagascar_2011_23,2,32.23853,23.722517,2011,landsat
madagascar_2011_31,2,36.70477,22.92428,2011,landsat
madagascar_2011_35,2,45.47689,17.20528,2011,landsat
madagascar_2011_36,2,29.929863,19.555372,2011,landsat
madagascar_2011_37,2,37.208817,20.222412,2011,landsat
madagascar_2011_38,2,21.908207,23.305735,2011,landsat
madagascar_2011_45,2,44.310402,23.66902,2011,landsat
madagascar_2011_46,2,17.015419,20.743105,2011,landsat
madagascar_2011_53,2,7.9117503,19.650991,2011,landsat
madagascar_2011_55,2,15.999687,19.970505,2011,landsat
madagascar_2011_57,2,16.09597,37.804466,2011,landsat
madagascar_2011_60,2,21.719181,20.856718,2011,landsat
madagascar_2011_68,2,12.672083,14.528236,2011,landsat
madagascar_2011_80,2,16.46105,18.6542,2011,landsat
madagascar_2011_82,2,47.97643,20.56323,2011,landsat
madagascar_2011_87,2,13.152543,19.038057,2011,landsat
madagascar_2011_89,2,13.67854,17.382696,2011,landsat
madagascar_2011_96,2,50.23217,30.857796,2011,landsat
madagascar_2011_99,2,54.833225,62.290607,2011,landsat
madagascar_2011_105,2,17.851032,19.68661,2011,landsat
madagascar_2011_106,2,16.932596,32.717194,2011,landsat
madagascar_2011_109,2,22.082193,23.833353,2011,landsat
madagascar_2011_114,2,20.69267,43.36724,2011,landsat
madagascar_2011_117,2,42.0234,16.354824,2011,landsat
madagascar_2011_121,2,36.049805,31.594275,2011,landsat
madagascar_2011_132,2,43.16549,56.617,2011,landsat
madagascar_2011_138,2,12.222428,20.754536,2011,landsat
madagascar_2011_142,2,11.081692,21.943888,2011,landsat
madagascar_2011_157,2,9.966225,19.292595,2011,landsat
madagascar_2011_158,2,42.731754,39.78762,2011,landsat
madagascar_2011_160,2,37.497395,37.58858,2011,landsat
madagascar_2011_162,2,47.84584,35.59061,2011,landsat
madagascar_2011_165,2,9.434396,20.171114,2011,landsat
madagascar_2011_171,2,39.617165,21.083487,2011,landsat
madagascar_2011_173,2,5.3960333,19.018648,2011,landsat
madagascar_2011_174,2,7.8186994,22.786669,2011,landsat
madagascar_2011_182,2,11.497605,20.614552,2011,landsat
madagascar_2011_184,2,14.778451,18.097855,2011,landsat
madagascar_2011_187,2,8.559946,26.058992,2011,landsat
madagascar_2011_200,2,7.287465,28.841946,2011,landsat
madagascar_2011_205,2,11.37794,19.202917,2011,landsat
madagascar_2011_216,2,23.438536,19.673124,2011,landsat
madagascar_2011_224,2,40.375793,50.31632,2011,landsat
madagascar_2011_226,2,17.683933,29.080097,2011,landsat
madagascar_2011_229,2,9.431428,34.98667,2011,landsat
madagascar_2011_230,2,13.477964,20.64325,2011,landsat
madagascar_2011_250,2,67.61409,43.65664,2011,landsat
madagascar_2011_253,2,42.035397,22.384525,2011,landsat
madagascar_2011_254,2,19.65638,17.603838,2011,landsat
madagascar_2011_255,2,49.233795,37.25048,2011,landsat
madagascar_2011_259,2,37.765633,23.750984,2011,landsat
madagascar_2011_261,2,18.084759,19.580633,2011,landsat
madagascar_2013_14,2,29.563028,26.170118,2013,landsat
madagascar_2013_16,2,27.604567,24.197142,2013,landsat
madagascar_2013_17,2,17.433271,21.791801,2013,landsat
madagascar_2013_21,2,48.74977,40.677074,2013,landsat
madagascar_2013_23,2,42.84707,39.322826,2013,landsat
madagascar_2013_24,2,67.45857,29.497004,2013,landsat
madagascar_2013_30,2,16.84565,15.116795,2013,landsat
madagascar_2013_31,2,24.241463,20.88194,2013,landsat
madagascar_2013_33,2,41.079468,21.588713,2013,landsat
madagascar_2013_39,2,26.252779,17.679762,2013,landsat
madagascar_2013_42,2,24.478855,22.792545,2013,landsat
madagascar_2013_49,2,53.09836,24.71757,2013,landsat
madagascar_2013_57,2,11.393957,30.522295,2013,landsat
madagascar_2013_62,2,18.28805,31.27294,2013,landsat
madagascar_2013_77,2,25.637218,30.093672,2013,landsat
madagascar_2013_79,2,14.523108,25.871048,2013,landsat
madagascar_2013_90,2,10.425992,17.256695,2013,landsat
madagascar_2013_102,2,55.86872,32.026577,2013,landsat
madagascar_2013_108,2,48.51202,39.384773,2013,landsat
madagascar_2013_110,2,18.022083,15.604206,2013,landsat
madagascar_2013_116,2,22.283295,38.51038,2013,landsat
madagascar_2013_117,2,35.23007,34.719906,2013,landsat
madagascar_2013_120,2,23.258657,15.556953,2013,landsat
madagascar_2013_124,2,19.652592,17.980349,2013,landsat
madagascar_2013_126,2,14.641381,40.058952,2013,landsat
madagascar_2013_129,2,19.199247,24.808413,2013,landsat
madagascar_2013_139,2,16.966549,26.477573,2013,landsat
madagascar_2013_140,2,44.39738,41.576538,2013,landsat
madagascar_2013_154,2,17.07542,26.189795,2013,landsat
madagascar_2013_166,2,11.590367,20.96651,2013,landsat
madagascar_2013_169,2,25.983475,46.4105,2013,landsat
madagascar_2013_177,2,8.680297,19.00331,2013,landsat
madagascar_2013_178,2,10.066198,16.681335,2013,landsat
madagascar_2013_186,2,6.670097,19.946335,2013,landsat
madagascar_2013_192,2,12.61481,18.661451,2013,landsat
madagascar_2013_197,2,7.653152,16.88723,2013,landsat
madagascar_2013_204,2,10.079724,18.240404,2013,landsat
madagascar_2013_207,2,10.7903185,22.651064,2013,landsat
madagascar_2013_212,2,10.237157,24.890429,2013,landsat
madagascar_2013_213,2,7.3290315,18.965437,2013,landsat
madagascar_2013_232,2,17.129513,14.662428,2013,landsat
madagascar_2013_236,2,13.783231,19.195303,2013,landsat
madagascar_2013_238,2,13.232945,38.29748,2013,landsat
madagascar_2013_240,2,9.811685,16.594034,2013,landsat
madagascar_2013_249,2,11.113868,21.980673,2013,landsat
madagascar_2013_258,2,15.09083,18.740643,2013,landsat
madagascar_2013_261,2,18.949976,26.01478,2013,landsat
madagascar_2013_270,2,30.684774,28.265184,2013,landsat
madagascar_2013_271,2,55.821514,31.287876,2013,landsat
madagascar_2013_274,2,19.42269,16.541937,2013,landsat
madagascar_2013_277,2,44.934177,26.638521,2013,landsat
madagascar_2013_283,2,15.271325,21.05665,2013,landsat
madagascar_2016_1,2,56.50944,24.355791,2016,landsat
madagascar_2016_2,2,31.681955,32.286312,2016,landsat
madagascar_2016_7,2,40.62873,16.68957,2016,landsat
madagascar_2016_10,2,22.080505,23.055145,2016,landsat
madagascar_2016_11,2,18.006397,21.540575,2016,landsat
madagascar_2016_14,2,43.071136,42.683525,2016,landsat
madagascar_2016_16,2,41.20682,31.72453,2016,landsat
madagascar_2016_28,2,30.831009,21.090918,2016,landsat
madagascar_2016_29,2,12.239961,20.800058,2016,landsat
madagascar_2016_30,2,12.311687,16.458761,2016,landsat
madagascar_2016_34,2,22.139315,29.03706,2016,landsat
madagascar_2016_37,2,17.547405,30.727695,2016,landsat
madagascar_2016_42,2,28.83023,16.716887,2016,landsat
madagascar_2016_43,2,20.094275,18.67585,2016,landsat
madagascar_2016_44,2,13.061186,20.610235,2016,landsat
madagascar_2016_48,2,16.228153,23.24642,2016,landsat
madagascar_2016_58,2,26.470575,20.865839,2016,landsat
madagascar_2016_64,2,11.809671,20.934622,2016,landsat
madagascar_2016_65,2,64.50878,18.291227,2016,landsat
madagascar_2016_72,2,9.284683,19.59075,2016,landsat
madagascar_2016_76,2,25.227886,19.182934,2016,landsat
madagascar_2016_77,2,29.48328,19.056421,2016,landsat
madagascar_2016_81,2,9.499526,18.571348,2016,landsat
madagascar_2016_84,2,27.15325,21.34335,2016,landsat
madagascar_2016_88,2,17.136238,22.265602,2016,landsat
madagascar_2016_91,2,28.259798,20.489607,2016,landsat
madagascar_2016_92,2,16.781605,20.779799,2016,landsat
madagascar_2016_97,2,13.57622,19.939732,2016,landsat
madagascar_2016_99,2,25.13732,20.059748,2016,landsat
madagascar_2016_109,2,13.124932,15.8375435,2016,landsat
madagascar_2016_110,2,10.713174,16.336899,2016,landsat
madagascar_2016_116,2,50.594044,24.03793,2016,landsat
madagascar_2016_121,2,6.1744747,19.283278,2016,landsat
madagascar_2016_124,2,10.317467,17.108442,2016,landsat
madagascar_2016_129,2,21.392502,21.394964,2016,landsat
madagascar_2016_133,2,10.98606,17.222813,2016,landsat
madagascar_2016_140,2,17.000414,15.341537,2016,landsat
madagascar_2016_141,2,11.188438,21.791723,2016,landsat
madagascar_2016_142,2,15.10793,15.371159,2016,landsat
madagascar_2016_144,2,21.225956,19.271254,2016,landsat
madagascar_2016_149,2,48.520775,30.025007,2016,landsat
madagascar_2016_152,2,14.895183,17.39356,2016,landsat
madagascar_2016_155,2,17.782993,25.1936,2016,landsat
madagascar_2016_159,2,14.436107,21.925676,2016,landsat
madagascar_2016_167,2,37.120514,28.240948,2016,landsat
madagascar_2016_169,2,23.137259,21.475367,2016,landsat
madagascar_2016_176,2,12.667796,18.74062,2016,landsat
madagascar_2016_197,2,39.95654,41.16948,2016,landsat
madagascar_2016_199,2,16.676332,27.452303,2016,landsat
madagascar_2016_201,2,15.162217,19.326044,2016,landsat
madagascar_2016_202,2,22.353306,15.940865,2016,landsat
madagascar_2016_204,2,20.698906,22.222086,2016,landsat
madagascar_2016_211,2,37.310184,41.051697,2016,landsat
madagascar_2016_220,2,12.57254,21.863398,2016,landsat
madagascar_2016_228,2,15.93733,20.926592,2016,landsat
madagascar_2016_230,2,13.457892,26.320639,2016,landsat
madagascar_2016_231,2,8.795309,19.510826,2016,landsat
madagascar_2016_240,2,10.1486,17.805166,2016,landsat
madagascar_2016_241,2,45.69811,31.590546,2016,landsat
madagascar_2016_246,2,14.124796,25.560606,2016,landsat
madagascar_2016_257,2,12.061935,22.095095,2016,landsat
madagascar_2016_274,2,30.448776,29.151659,2016,landsat
madagascar_2016_279,2,7.3183403,18.936903,2016,landsat
madagascar_2016_297,2,22.294003,17.070724,2016,landsat
madagascar_2016_302,2,12.657895,29.62839,2016,landsat
madagascar_2016_305,2,43.294754,24.970915,2016,landsat
madagascar_2016_308,2,13.010698,15.593792,2016,landsat
madagascar_2016_309,2,14.909558,20.998472,2016,landsat
madagascar_2016_324,2,11.249044,19.759523,2016,landsat
madagascar_2016_330,2,44.21886,40.8126,2016,landsat
madagascar_2016_332,2,28.156225,22.26793,2016,landsat
madagascar_2016_345,2,36.511314,20.692892,2016,landsat
madagascar_2016_346,2,44.8677,36.513138,2016,landsat
madagascar_2016_350,2,16.93161,19.887291,2016,landsat
madagascar_2016_351,2,22.365171,18.992006,2016,landsat
madagascar_2016_365,2,16.188723,17.709719,2016,landsat
madagascar_2016_366,2,21.820892,18.347979,2016,landsat
madagascar_2016_374,2,18.62899,16.263197,2016,landsat
madagascar_2021_2,2,38.294758,52.888992,2021,landsat
madagascar_2021_3,2,38.99777,52.43138,2021,landsat
madagascar_2021_6,2,80.76571,51.785854,2021,landsat
madagascar_2021_10,2,45.78627,55.082214,2021,landsat
madagascar_2021_15,2,52.336094,49.186005,2021,landsat
madagascar_2021_17,2,40.4005,52.287453,2021,landsat
madagascar_2021_22,2,47.76579,47.54487,2021,landsat
madagascar_2021_24,2,47.016026,53.31022,2021,landsat
madagascar_2021_26,2,47.927017,53.532795,2021,landsat
madagascar_2021_27,2,61.755703,51.05882,2021,landsat
madagascar_2021_30,2,42.260162,51.365692,2021,landsat
madagascar_2021_33,2,62.054302,54.01347,2021,landsat
madagascar_2021_38,2,60.902576,48.507835,2021,landsat
madagascar_2021_39,2,57.362667,49.583035,2021,landsat
madagascar_2021_53,2,58.231083,47.80333,2021,landsat
madagascar_2021_66,2,46.77672,52.70512,2021,landsat
madagascar_2021_76,2,55.81023,34.57331,2021,landsat
madagascar_2021_78,2,75.62439,35.779484,2021,landsat
madagascar_2021_79,2,46.492836,33.662643,2021,landsat
madagascar_2021_83,2,13.644655,41.295975,2021,landsat
madagascar_2021_84,2,23.32907,42.94137,2021,landsat
madagascar_2021_92,2,30.53439,32.12142,2021,landsat
madagascar_2021_93,2,22.5214,43.904713,2021,landsat
madagascar_2021_109,2,45.78829,16.976995,2021,landsat
madagascar_2021_118,2,30.662264,19.496117,2021,landsat
madagascar_2021_124,2,20.113092,36.332893,2021,landsat
madagascar_2021_128,2,16.957195,24.41353,2021,landsat
madagascar_2021_134,2,35.702564,16.960714,2021,landsat
madagascar_2021_141,2,22.306871,21.80628,2021,landsat
madagascar_2021_142,2,26.513475,21.426825,2021,landsat
madagascar_2021_146,2,22.87365,22.404531,2021,landsat
madagascar_2021_153,2,35.89454,23.395433,2021,landsat
madagascar_2021_154,2,18.631668,21.955301,2021,landsat
madagascar_2021_169,2,17.063578,30.346203,2021,landsat
madagascar_2021_174,2,24.088871,21.707386,2021,landsat
madagascar_2021_179,2,28.674356,19.617985,2021,landsat
madagascar_2021_189,2,27.295061,38.332794,2021,landsat
madagascar_2021_190,2,8.283603,34.67204,2021,landsat
madagascar_2021_191,2,22.867315,37.198868,2021,landsat
madagascar_2021_199,2,21.438725,27.16054,2021,landsat
madagascar_2021_203,2,26.350344,40.47435,2021,landsat
madagascar_2021_205,2,18.613184,20.548126,2021,landsat
madagascar_2021_212,2,18.57773,34.615158,2021,landsat
madagascar_2021_213,2,17.582495,39.309364,2021,landsat
madagascar_2021_217,2,23.791407,15.647062,2021,landsat
madagascar_2021_219,2,15.658775,23.463923,2021,landsat
madagascar_2021_223,2,18.1412,17.739668,2021,landsat
madagascar_2021_224,2,15.950112,17.478357,2021,landsat
madagascar_2021_225,2,11.684361,15.519384,2021,landsat
madagascar_2021_226,2,39.103127,29.142101,2021,landsat
madagascar_2021_234,2,12.867602,17.604706,2021,landsat
madagascar_2021_240,2,14.131434,15.346527,2021,landsat
madagascar_2021_244,2,43.194347,17.825163,2021,landsat
madagascar_2021_251,2,16.81844,17.456467,2021,landsat
madagascar_2021_262,2,20.267662,38.391727,2021,landsat
madagascar_2021_263,2,11.444036,21.099604,2021,landsat
madagascar_2021_266,2,11.460724,21.896933,2021,landsat
madagascar_2021_268,2,22.296082,19.975292,2021,landsat
madagascar_2021_269,2,36.810654,18.061323,2021,landsat
madagascar_2021_277,2,13.895162,15.42457,2021,landsat
madagascar_2021_278,2,13.244542,15.5026455,2021,landsat
madagascar_2021_291,2,15.054526,16.026657,2021,landsat
madagascar_2021_293,2,12.124621,33.576897,2021,landsat
madagascar_2021_294,2,49.726448,47.784496,2021,landsat
madagascar_2021_295,2,51.61315,46.656174,2021,landsat
madagascar_2021_297,2,49.18183,33.076187,2021,landsat
madagascar_2021_302,2,18.30984,16.502148,2021,landsat
madagascar_2021_305,2,18.681961,17.942232,2021,landsat
madagascar_2021_306,2,25.798012,18.717031,2021,landsat
madagascar_2021_314,2,16.033379,15.162525,2021,landsat
madagascar_2021_324,2,24.35757,30.764116,2021,landsat
madagascar_2021_327,2,17.496944,27.785168,2021,landsat
madagascar_2021_332,2,24.855104,24.202177,2021,landsat
madagascar_2021_340,2,26.006046,23.131237,2021,landsat
madagascar_2021_341,2,26.104477,17.603205,2021,landsat
madagascar_2021_343,2,40.344048,14.34272,2021,landsat
madagascar_2021_359,2,4.690284,19.713072,2021,landsat
madagascar_2021_362,2,30.880241,16.877571,2021,landsat
madagascar_2021_385,2,18.972706,20.181194,2021,landsat
madagascar_2021_399,2,23.435875,21.1056,2021,landsat
madagascar_2021_400,2,14.024228,18.0122,2021,landsat
madagascar_2021_405,2,18.543686,29.346945,2021,landsat
madagascar_2021_420,2,47.588516,21.863268,2021,landsat
madagascar_2021_421,2,35.489014,21.3584,2021,landsat
madagascar_2021_425,2,28.689726,21.005888,2021,landsat
madagascar_2021_427,2,18.455975,19.930096,2021,landsat
madagascar_2021_435,2,30.127756,22.584005,2021,landsat
madagascar_2021_436,2,22.811186,19.853796,2021,landsat
madagascar_2021_439,2,11.335103,21.959402,2021,landsat
madagascar_2021_441,2,27.355722,20.759174,2021,landsat
madagascar_2021_446,2,37.075382,19.72189,2021,landsat
madagascar_2021_453,2,17.55362,30.702127,2021,landsat
madagascar_2021_456,2,18.302954,18.858473,2021,landsat
madagascar_2021_457,2,36.062767,33.52217,2021,landsat
madagascar_2021_459,2,59.00308,41.572113,2021,landsat
madagascar_2021_465,2,22.52687,17.397455,2021,landsat
madagascar_2021_470,2,20.019392,18.483309,2021,landsat
madagascar_2021_471,2,19.465996,18.536566,2021,landsat
madagascar_2021_475,2,25.29077,19.241606,2021,landsat
madagascar_2021_478,2,18.603186,19.23735,2021,landsat
madagascar_2021_483,2,11.387896,18.924385,2021,landsat
madagascar_2021_485,2,51.846615,40.971657,2021,landsat
madagascar_2021_494,2,48.26634,17.527048,2021,landsat
madagascar_2021_502,2,12.639724,22.11071,2021,landsat
madagascar_2021_507,2,15.981729,18.10828,2021,landsat
madagascar_2021_516,2,13.898759,22.615488,2021,landsat
madagascar_2021_519,2,15.97771,21.198975,2021,landsat
madagascar_2021_526,2,13.067761,19.957598,2021,landsat
madagascar_2021_544,2,14.735626,20.044266,2021,landsat
madagascar_2021_553,2,16.330694,17.888891,2021,landsat
madagascar_2021_555,2,22.143456,18.303724,2021,landsat
madagascar_2021_561,2,16.078465,42.227512,2021,landsat
madagascar_2021_566,2,12.010488,24.70077,2021,landsat
madagascar_2021_570,2,22.740046,42.13562,2021,landsat
madagascar_2021_571,2,13.480626,41.545128,2021,landsat
madagascar_2021_580,2,18.441835,15.486773,2021,landsat
madagascar_2021_582,2,17.045483,25.115454,2021,landsat
madagascar_2021_587,2,28.02789,19.859354,2021,landsat
madagascar_2021_591,2,15.6535225,16.983006,2021,landsat
madagascar_2021_598,2,51.57188,24.08015,2021,landsat
madagascar_2021_605,2,47.181713,21.163755,2021,landsat
madagascar_2021_624,2,21.252575,28.403812,2021,landsat
madagascar_2021_626,2,44.25238,28.381956,2021,landsat
madagascar_2021_630,2,26.799091,15.997288,2021,landsat
madagascar_2021_632,2,33.53046,15.826307,2021,landsat
madagascar_2021_648,2,32.187275,27.24021,2021,landsat
madagascar_2021_653,2,27.587301,19.941294,2021,landsat
madagascar_1997_3,3,24.232523,33.059105,1997,landsat
madagascar_1997_13,3,31.261631,22.490955,1997,landsat
madagascar_1997_25,3,33.34958,27.29442,1997,landsat
madagascar_1997_29,3,32.79582,42.448685,1997,landsat
madagascar_1997_30,3,34.074203,39.44962,1997,landsat
madagascar_1997_33,3,40.072433,45.993134,1997,landsat
madagascar_1997_43,3,49.867348,40.75634,1997,landsat
madagascar_1997_45,3,74.62916,35.331543,1997,landsat
madagascar_1997_47,3,44.83938,51.664597,1997,landsat
madagascar_1997_49,3,35.370213,55.222828,1997,landsat
madagascar_1997_50,3,34.47793,36.017994,1997,landsat
madagascar_1997_59,3,18.122715,30.44181,1997,landsat
madagascar_1997_60,3,22.554775,15.491635,1997,landsat
madagascar_1997_81,3,35.371536,29.579687,1997,landsat
madagascar_1997_86,3,10.79328,16.555836,1997,landsat
madagascar_1997_93,3,31.911457,20.475021,1997,landsat
madagascar_1997_100,3,13.923726,15.498469,1997,landsat
madagascar_1997_103,3,10.312434,14.185814,1997,landsat
madagascar_1997_104,3,9.33281,14.984546,1997,landsat
madagascar_1997_107,3,10.244797,13.598998,1997,landsat
madagascar_1997_137,3,17.076591,15.326837,1997,landsat
madagascar_1997_143,3,11.409882,13.36209,1997,landsat
madagascar_1997_149,3,18.240973,18.10145,1997,landsat
madagascar_1997_158,3,13.355149,15.340281,1997,landsat
madagascar_1997_161,3,20.791178,35.90358,1997,landsat
madagascar_1997_164,3,20.286657,16.30023,1997,landsat
madagascar_1997_166,3,11.0574875,17.181238,1997,landsat
madagascar_1997_172,3,9.648575,24.814846,1997,landsat
madagascar_1997_174,3,8.1113825,13.839372,1997,landsat
madagascar_1997_184,3,11.388406,16.001097,1997,landsat
madagascar_1997_186,3,11.471214,20.334574,1997,landsat
madagascar_1997_189,3,10.758438,17.030005,1997,landsat
madagascar_1997_192,3,12.738806,12.492753,1997,landsat
madagascar_1997_199,3,34.456356,16.693775,1997,landsat
madagascar_1997_204,3,12.250439,13.498569,1997,landsat
madagascar_1997_205,3,10.766899,12.593383,1997,landsat
madagascar_1997_223,3,10.135906,17.114637,1997,landsat
madagascar_1997_228,3,10.334943,13.238532,1997,landsat
madagascar_1997_230,3,12.01594,12.923095,1997,landsat
madagascar_1997_234,3,12.046107,15.65162,1997,landsat
madagascar_1997_238,3,31.200111,22.667685,1997,landsat
madagascar_1997_252,3,10.682512,11.526989,1997,landsat
madagascar_1997_258,3,14.230977,14.156471,1997,landsat
madagascar_1997_270,3,16.631874,14.744151,1997,landsat
madagascar_2008_8,3,82.10846,56.278313,2008,landsat
madagascar_2008_13,3,71.55065,48.723846,2008,landsat
madagascar_2008_14,3,37.271618,48.060646,2008,landsat
madagascar_2008_18,3,70.290245,50.40233,2008,landsat
madagascar_2008_22,3,57.252827,45.80606,2008,landsat
madagascar_2008_29,3,49.046886,49.86509,2008,landsat
madagascar_2008_34,3,57.073936,36.115715,2008,landsat
madagascar_2008_44,3,37.54243,45.291267,2008,landsat
madagascar_2008_50,3,37.91912,58.563927,2008,landsat
madagascar_2008_52,3,43.571373,42.237984,2008,landsat
madagascar_2008_57,3,27.67387,59.172546,2008,landsat
madagascar_2008_60,3,14.339157,40.021946,2008,landsat
madagascar_2008_79,3,29.493025,24.470732,2008,landsat
madagascar_2009_83,3,15.651462,16.67949,2009,landsat
madagascar_2008_101,3,32.86255,19.968851,2008,landsat
madagascar_2008_110,3,15.915929,42.278084,2008,landsat
madagascar_2008_111,3,13.663733,34.993935,2008,landsat
madagascar_2008_140,3,18.741762,21.06188,2008,landsat
madagascar_2008_146,3,16.524784,16.566832,2008,landsat
madagascar_2009_154,3,40.084328,39.01197,2009,landsat
madagascar_2009_156,3,23.622986,34.770317,2009,landsat
madagascar_2008_159,3,11.711525,37.063652,2008,landsat
madagascar_2009_161,3,20.197277,15.921816,2009,landsat
madagascar_2009_163,3,6.579979,23.050308,2009,landsat
madagascar_2009_167,3,19.738966,17.254648,2009,landsat
madagascar_2009_172,3,19.84963,14.925426,2009,landsat
madagascar_2009_177,3,5.43942,27.284443,2009,landsat
madagascar_2009_178,3,19.381996,11.167563,2009,landsat
madagascar_2009_183,3,56.37189,18.476553,2009,landsat
madagascar_2009_184,3,19.025349,23.422054,2009,landsat
madagascar_2009_190,3,18.583004,32.247757,2009,landsat
madagascar_2009_191,3,18.322521,12.527135,2009,landsat
madagascar_2009_195,3,16.995152,23.615644,2009,landsat
madagascar_2009_197,3,17.835289,22.285292,2009,landsat
madagascar_2009_199,3,9.6977,15.461407,2009,landsat
madagascar_2009_203,3,15.462265,17.156187,2009,landsat
madagascar_2009_204,3,13.462834,18.781515,2009,landsat
madagascar_2009_209,3,41.048985,35.774452,2009,landsat
madagascar_2009_215,3,20.252703,13.368457,2009,landsat
madagascar_2009_224,3,20.975424,29.401543,2009,landsat
madagascar_2009_231,3,25.321093,15.622995,2009,landsat
madagascar_2009_235,3,24.72319,15.263127,2009,landsat
madagascar_2009_236,3,24.904741,17.253527,2009,landsat
madagascar_2009_245,3,18.756573,18.865557,2009,landsat
madagascar_2008_248,3,26.949133,25.27268,2008,landsat
madagascar_2009_258,3,19.867685,20.682482,2009,landsat
madagascar_2009_266,3,21.311197,17.097311,2009,landsat
madagascar_2009_272,3,17.792257,26.496805,2009,landsat
madagascar_2009_278,3,43.49059,43.83956,2009,landsat
madagascar_2009_308,3,15.199872,16.771795,2009,landsat
madagascar_2009_312,3,16.854216,25.63238,2009,landsat
madagascar_2009_320,3,15.482636,13.866581,2009,landsat
madagascar_2009_322,3,13.190943,14.297142,2009,landsat
madagascar_2009_324,3,16.451675,17.559835,2009,landsat
madagascar_2009_333,3,41.53788,15.13293,2009,landsat
madagascar_2009_334,3,53.386215,18.843555,2009,landsat
madagascar_2009_335,3,40.23631,18.185434,2009,landsat
madagascar_2009_339,3,18.341684,19.712738,2009,landsat
madagascar_2009_342,3,53.837822,21.330946,2009,landsat
madagascar_2009_344,3,19.853321,13.096096,2009,landsat
madagascar_2008_358,3,9.053274,22.751633,2008,landsat
madagascar_2009_382,3,19.247334,20.744482,2009,landsat
madagascar_2009_389,3,18.719013,14.337105,2009,landsat
madagascar_2008_407,3,28.063753,24.538807,2008,landsat
madagascar_2009_435,3,6.6582274,16.226694,2009,landsat
madagascar_2009_442,3,11.698446,16.347548,2009,landsat
madagascar_2009_447,3,17.510777,15.354702,2009,landsat
madagascar_2009_452,3,49.592667,40.86516,2009,landsat
madagascar_2009_456,3,32.301945,38.947945,2009,landsat
madagascar_2009_468,3,15.473761,13.394391,2009,landsat
madagascar_2009_469,3,17.202166,20.501307,2009,landsat
madagascar_2008_471,3,46.098724,24.030369,2008,landsat
madagascar_2009_479,3,14.529267,16.5626,2009,landsat
madagascar_2009_484,3,29.366407,13.12441,2009,landsat
madagascar_2009_485,3,20.779116,30.722977,2009,landsat
madagascar_2009_487,3,20.42595,20.853754,2009,landsat
madagascar_2009_490,3,20.201317,23.877405,2009,landsat
madagascar_2009_491,3,18.249805,15.318643,2009,landsat
madagascar_2009_492,3,15.237432,13.693694,2009,landsat
madagascar_2009_493,3,19.218035,23.750223,2009,landsat
madagascar_2009_498,3,15.1746025,14.141887,2009,landsat
madagascar_2009_504,3,21.468935,29.515451,2009,landsat
madagascar_2009_520,3,19.513895,19.780903,2009,landsat
madagascar_2009_522,3,18.039526,11.639937,2009,landsat
madagascar_2009_524,3,19.738262,13.694064,2009,landsat
madagascar_2009_526,3,18.22413,20.377373,2009,landsat
madagascar_2009_527,3,17.440834,17.529768,2009,landsat
madagascar_2009_532,3,43.533115,37.92141,2009,landsat
madagascar_2009_545,3,13.279838,18.963573,2009,landsat
madagascar_2009_553,3,10.947712,21.71816,2009,landsat
madagascar_2009_559,3,41.13022,32.53605,2009,landsat
madagascar_2009_573,3,17.876444,14.56335,2009,landsat
madagascar_2008_576,3,12.569872,16.360186,2008,landsat
madagascar_2009_583,3,16.568155,24.446125,2009,landsat
madagascar_2009_585,3,11.562895,36.19764,2009,landsat
madagascar_2009_586,3,14.210381,17.772295,2009,landsat
madagascar_2009_590,3,11.900623,34.413574,2009,landsat
madagascar_2009_591,3,28.532345,15.700706,2009,landsat
madagascar_2011_2,3,42.969044,24.76914,2011,landsat
madagascar_2011_12,3,27.352297,14.752899,2011,landsat
madagascar_2011_16,3,17.160982,12.760255,2011,landsat
madagascar_2011_22,3,54.018257,30.566256,2011,landsat
madagascar_2011_26,3,20.95132,18.544012,2011,landsat
madagascar_2011_27,3,18.823935,22.391552,2011,landsat
madagascar_2011_30,3,45.803223,15.196072,2011,landsat
madagascar_2011_40,3,38.168533,21.240953,2011,landsat
madagascar_2011_41,3,18.08877,23.229502,2011,landsat
madagascar_2011_42,3,14.036194,15.758452,2011,landsat
madagascar_2011_48,3,18.156893,17.65152,2011,landsat
madagascar_2011_50,3,11.496616,17.90292,2011,landsat
madagascar_2011_51,3,15.194312,19.372122,2011,landsat
madagascar_2011_56,3,24.285358,17.538874,2011,landsat
madagascar_2011_62,3,46.31752,25.718267,2011,landsat
madagascar_2011_63,3,39.59192,15.831115,2011,landsat
madagascar_2011_67,3,25.469576,15.201807,2011,landsat
madagascar_2011_69,3,21.03272,26.314192,2011,landsat
madagascar_2011_70,3,22.453316,31.358765,2011,landsat
madagascar_2011_72,3,13.666232,29.88119,2011,landsat
madagascar_2011_78,3,18.326805,14.433431,2011,landsat
madagascar_2011_81,3,17.074734,23.483957,2011,landsat
madagascar_2011_84,3,14.398856,21.172087,2011,landsat
madagascar_2011_86,3,13.31744,25.01623,2011,landsat
madagascar_2011_90,3,11.2894745,24.914326,2011,landsat
madagascar_2011_92,3,7.2419996,18.151209,2011,landsat
madagascar_2011_94,3,60.585712,53.751846,2011,landsat
madagascar_2011_107,3,18.16295,20.372349,2011,landsat
madagascar_2011_111,3,23.338495,15.860688,2011,landsat
madagascar_2011_116,3,17.601652,16.410393,2011,landsat
madagascar_2011_131,3,38.258705,63.192867,2011,landsat
madagascar_2011_136,3,18.912683,49.107246,2011,landsat
madagascar_2011_139,3,14.52796,17.211632,2011,landsat
madagascar_2011_147,3,9.518763,15.911695,2011,landsat
madagascar_2011_150,3,10.235665,16.619507,2011,landsat
madagascar_2011_152,3,49.495228,25.13455,2011,landsat
madagascar_2011_168,3,7.622082,18.537464,2011,landsat
madagascar_2011_169,3,6.9957843,23.451809,2011,landsat
madagascar_2011_170,3,13.486284,20.379915,2011,landsat
madagascar_2011_176,3,9.132718,15.319227,2011,landsat
madagascar_2011_181,3,7.203873,24.694677,2011,landsat
madagascar_2011_188,3,23.507032,33.55381,2011,landsat
madagascar_2011_191,3,10.0036,12.452709,2011,landsat
madagascar_2011_193,3,15.850296,12.980557,2011,landsat
madagascar_2011_199,3,10.891092,27.011248,2011,landsat
madagascar_2011_206,3,14.44919,14.02019,2011,landsat
madagascar_2011_211,3,15.068752,23.616766,2011,landsat
madagascar_2011_213,3,8.0650835,25.291471,2011,landsat
madagascar_2011_215,3,9.893758,13.337895,2011,landsat
madagascar_2011_220,3,12.284543,14.591954,2011,landsat
madagascar_2011_221,3,16.15512,12.086794,2011,landsat
madagascar_2011_234,3,11.39876,32.66985,2011,landsat
madagascar_2011_235,3,18.835812,17.466959,2011,landsat
madagascar_2011_237,3,10.932514,15.383531,2011,landsat
madagascar_2011_241,3,16.185904,17.919064,2011,landsat
madagascar_2011_245,3,15.597201,20.162226,2011,landsat
madagascar_2011_247,3,15.358309,15.845863,2011,landsat
madagascar_2011_256,3,35.79817,28.894377,2011,landsat
madagascar_2011_258,3,17.638065,11.633753,2011,landsat
madagascar_2011_260,3,20.818779,47.879936,2011,landsat
madagascar_2011_266,3,25.944204,14.167521,2011,landsat
madagascar_2011_267,3,47.96584,41.66594,2011,landsat
madagascar_2013_11,3,12.905507,28.740334,2013,landsat
madagascar_2013_15,3,29.887363,19.83745,2013,landsat
madagascar_2013_34,3,44.233936,20.552172,2013,landsat
madagascar_2013_43,3,46.937313,22.917244,2013,landsat
madagascar_2013_45,3,27.00246,21.173964,2013,landsat
madagascar_2013_52,3,19.984684,31.745825,2013,landsat
madagascar_2013_56,3,12.718793,19.036688,2013,landsat
madagascar_2013_59,3,18.79611,24.274591,2013,landsat
madagascar_2013_63,3,17.51539,23.22806,2013,landsat
madagascar_2013_73,3,14.6367655,37.000824,2013,landsat
madagascar_2013_74,3,28.860023,24.337782,2013,landsat
madagascar_2013_76,3,19.087173,26.512619,2013,landsat
madagascar_2013_84,3,20.46406,16.536528,2013,landsat
madagascar_2013_87,3,18.217388,24.357634,2013,landsat
madagascar_2013_88,3,17.333956,14.730266,2013,landsat
madagascar_2013_92,3,44.121292,26.569918,2013,landsat
madagascar_2013_93,3,11.431275,19.998205,2013,landsat
madagascar_2013_94,3,17.47693,24.07626,2013,landsat
madagascar_2013_98,3,11.190489,22.477507,2013,landsat
madagascar_2013_105,3,35.76398,25.715063,2013,landsat
madagascar_2013_114,3,13.5822735,14.312735,2013,landsat
madagascar_2013_121,3,23.29563,16.473125,2013,landsat
madagascar_2013_125,3,28.378994,27.877668,2013,landsat
madagascar_2013_131,3,54.790806,24.846209,2013,landsat
madagascar_2013_141,3,57.424522,54.934845,2013,landsat
madagascar_2013_165,3,6.675868,31.140047,2013,landsat
madagascar_2013_168,3,14.076067,17.05053,2013,landsat
madagascar_2013_176,3,22.32136,17.73282,2013,landsat
madagascar_2013_182,3,12.677075,13.341975,2013,landsat
madagascar_2013_185,3,7.8879323,11.638917,2013,landsat
madagascar_2013_189,3,15.339057,12.122848,2013,landsat
madagascar_2013_195,3,9.934871,20.290144,2013,landsat
madagascar_2013_199,3,6.972067,17.199244,2013,landsat
madagascar_2013_205,3,13.419261,9.484901,2013,landsat
madagascar_2013_218,3,14.161596,17.93453,2013,landsat
madagascar_2013_222,3,12.077826,35.985096,2013,landsat
madagascar_2013_230,3,12.767343,17.301413,2013,landsat
madagascar_2013_231,3,12.751603,13.254888,2013,landsat
madagascar_2013_244,3,35.62924,15.391728,2013,landsat
madagascar_2013_245,3,21.379078,25.653109,2013,landsat
madagascar_2013_257,3,39.26845,38.573044,2013,landsat
madagascar_2013_279,3,13.319687,13.878788,2013,landsat
madagascar_2016_9,3,29.873705,31.896135,2016,landsat
madagascar_2016_24,3,22.102333,38.40234,2016,landsat
madagascar_2016_31,3,12.519896,19.719614,2016,landsat
madagascar_2016_32,3,13.544789,20.524286,2016,landsat
madagascar_2016_39,3,26.916384,27.541187,2016,landsat
madagascar_2016_40,3,18.6174,22.145473,2016,landsat
madagascar_2016_45,3,19.20068,24.20363,2016,landsat
madagascar_2016_50,3,33.246315,19.55627,2016,landsat
madagascar_2016_54,3,19.45643,13.980828,2016,landsat
madagascar_2016_71,3,8.191304,15.168199,2016,landsat
madagascar_2016_74,3,49.67306,15.755258,2016,landsat
madagascar_2016_75,3,7.2863464,17.231146,2016,landsat
madagascar_2016_79,3,20.941582,24.493166,2016,landsat
madagascar_2016_83,3,17.085098,30.453297,2016,landsat
madagascar_2016_86,3,40.92216,22.964067,2016,landsat
madagascar_2016_87,3,12.453256,18.12,2016,landsat
madagascar_2016_98,3,12.082523,18.05256,2016,landsat
madagascar_2016_108,3,43.970387,18.196096,2016,landsat
madagascar_2016_113,3,18.922129,15.372875,2016,landsat
madagascar_2016_117,3,13.78903,13.030425,2016,landsat
madagascar_2016_123,3,26.566689,15.31759,2016,landsat
madagascar_2016_134,3,10.193807,14.868086,2016,landsat
madagascar_2016_135,3,11.146409,15.044612,2016,landsat
madagascar_2016_148,3,60.022354,39.03538,2016,landsat
madagascar_2016_150,3,57.721,33.57689,2016,landsat
madagascar_2016_156,3,13.495867,28.647865,2016,landsat
madagascar_2016_158,3,13.936671,15.141014,2016,landsat
madagascar_2016_170,3,25.319443,23.392714,2016,landsat
madagascar_2016_172,3,36.507664,16.741692,2016,landsat
madagascar_2016_175,3,20.841074,14.907039,2016,landsat
madagascar_2016_179,3,17.270727,20.181282,2016,landsat
madagascar_2016_181,3,21.306206,18.179632,2016,landsat
madagascar_2016_184,3,13.076335,15.40858,2016,landsat
madagascar_2016_186,3,36.388554,37.951725,2016,landsat
madagascar_2016_187,3,20.8948,19.846355,2016,landsat
madagascar_2016_190,3,15.355484,35.330914,2016,landsat
madagascar_2016_194,3,16.268993,16.323023,2016,landsat
madagascar_2016_203,3,49.557365,21.247004,2016,landsat
madagascar_2016_207,3,11.746381,17.095282,2016,landsat
madagascar_2016_209,3,56.82083,56.336464,2016,landsat
madagascar_2016_212,3,51.729862,48.129604,2016,landsat
madagascar_2016_216,3,7.4441557,25.78092,2016,landsat
madagascar_2016_219,3,38.745113,18.18662,2016,landsat
madagascar_2016_225,3,15.24113,13.954623,2016,landsat
madagascar_2016_226,3,8.047577,23.456873,2016,landsat
madagascar_2016_237,3,5.874965,15.720948,2016,landsat
madagascar_2016_243,3,19.256474,20.183056,2016,landsat
madagascar_2016_244,3,9.256225,22.12356,2016,landsat
madagascar_2016_247,3,15.163924,32.586407,2016,landsat
madagascar_2016_248,3,26.764427,25.525835,2016,landsat
madagascar_2016_258,3,6.209602,17.479856,2016,landsat
madagascar_2016_259,3,9.175888,13.821007,2016,landsat
madagascar_2016_268,3,12.5628,16.941013,2016,landsat
madagascar_2016_269,3,23.788534,26.017233,2016,landsat
madagascar_2016_270,3,9.3192625,13.678105,2016,landsat
madagascar_2016_272,3,9.776523,17.219221,2016,landsat
madagascar_2016_275,3,9.361512,14.169421,2016,landsat
madagascar_2016_281,3,6.3326454,17.396189,2016,landsat
madagascar_2016_288,3,9.46075,17.885868,2016,landsat
madagascar_2016_292,3,7.8645334,23.089163,2016,landsat
madagascar_2016_301,3,14.776199,21.942213,2016,landsat
madagascar_2016_307,3,11.766411,10.985177,2016,landsat
madagascar_2016_311,3,38.353653,36.138645,2016,landsat
madagascar_2016_315,3,14.416465,14.444655,2016,landsat
madagascar_2016_323,3,22.86191,11.9390745,2016,landsat
madagascar_2016_333,3,22.821863,42.682587,2016,landsat
madagascar_2016_334,3,31.811977,33.36977,2016,landsat
madagascar_2016_335,3,13.889695,17.18358,2016,landsat
madagascar_2016_336,3,23.217985,23.323023,2016,landsat
madagascar_2016_341,3,15.087847,16.100006,2016,landsat
madagascar_2016_344,3,14.715333,26.040697,2016,landsat
madagascar_2016_355,3,23.46043,38.45073,2016,landsat
madagascar_2016_362,3,13.324709,13.552373,2016,landsat
madagascar_2021_11,3,56.911198,64.825775,2021,landsat
madagascar_2021_16,3,45.606346,41.124397,2021,landsat
madagascar_2021_19,3,67.29901,47.339508,2021,landsat
madagascar_2021_21,3,38.693695,53.245377,2021,landsat
madagascar_2021_43,3,46.165215,47.095417,2021,landsat
madagascar_2021_47,3,50.314247,48.298164,2021,landsat
madagascar_2021_54,3,28.368225,25.048788,2021,landsat
madagascar_2021_63,3,50.980686,41.42555,2021,landsat
madagascar_2021_69,3,55.921772,49.644524,2021,landsat
madagascar_2021_70,3,50.90593,30.412718,2021,landsat
madagascar_2021_73,3,17.63822,25.537329,2021,landsat
madagascar_2021_75,3,33.559982,35.783558,2021,landsat
madagascar_2021_88,3,19.932518,20.834467,2021,landsat
madagascar_2021_94,3,7.4385514,27.273224,2021,landsat
madagascar_2021_98,3,21.13579,28.507689,2021,landsat
madagascar_2021_107,3,24.440344,30.590483,2021,landsat
madagascar_2021_111,3,34.916958,23.381697,2021,landsat
madagascar_2021_112,3,25.726086,23.872934,2021,landsat
madagascar_2021_117,3,31.500662,14.095454,2021,landsat
madagascar_2021_120,3,22.271666,26.817312,2021,landsat
madagascar_2021_136,3,22.786247,17.067167,2021,landsat
madagascar_2021_147,3,29.424875,29.1661,2021,landsat
madagascar_2021_157,3,35.786247,27.10081,2021,landsat
madagascar_2021_158,3,20.827045,19.34271,2021,landsat
madagascar_2021_161,3,58.129322,28.38796,2021,landsat
madagascar_2021_162,3,40.759983,22.742012,2021,landsat
madagascar_2021_168,3,14.238053,36.593033,2021,landsat
madagascar_2021_172,3,23.353308,18.570208,2021,landsat
madagascar_2021_181,3,25.760513,44.007195,2021,landsat
madagascar_2021_185,3,26.020405,29.965473,2021,landsat
madagascar_2021_188,3,39.12976,22.865822,2021,landsat
madagascar_2021_198,3,47.11076,31.927038,2021,landsat
madagascar_2021_206,3,13.236356,19.429625,2021,landsat
madagascar_2021_209,3,12.93841,11.946294,2021,landsat
madagascar_2021_210,3,13.289153,19.324434,2021,landsat
madagascar_2021_216,3,19.92332,15.385591,2021,landsat
madagascar_2021_232,3,39.380344,24.169054,2021,landsat
madagascar_2021_233,3,14.135366,15.835792,2021,landsat
madagascar_2021_246,3,21.26159,25.663527,2021,landsat
madagascar_2021_247,3,25.003508,23.237574,2021,landsat
madagascar_2021_260,3,41.16245,12.329751,2021,landsat
madagascar_2021_261,3,16.912237,18.146517,2021,landsat
madagascar_2021_264,3,11.299669,17.691214,2021,landsat
madagascar_2021_276,3,13.20285,15.921916,2021,landsat
madagascar_2021_286,3,12.435206,15.629277,2021,landsat
madagascar_2021_300,3,27.293148,21.815935,2021,landsat
madagascar_2021_307,3,22.183954,15.045928,2021,landsat
madagascar_2021_308,3,21.10309,20.623892,2021,landsat
madagascar_2021_309,3,16.494797,20.804167,2021,landsat
madagascar_2021_313,3,13.710319,31.961481,2021,landsat
madagascar_2021_317,3,14.696845,16.09781,2021,landsat
madagascar_2021_319,3,16.816813,18.158419,2021,landsat
madagascar_2021_321,3,27.794975,15.708106,2021,landsat
madagascar_2021_325,3,27.04001,22.633532,2021,landsat
madagascar_2021_329,3,21.553738,15.992675,2021,landsat
madagascar_2021_335,3,31.6335,15.463859,2021,landsat
madagascar_2021_339,3,61.08019,41.979008,2021,landsat
madagascar_2021_345,3,31.000528,19.557337,2021,landsat
madagascar_2021_346,3,27.341898,15.40821,2021,landsat
madagascar_2021_355,3,26.25474,21.41905,2021,landsat
madagascar_2021_356,3,18.883741,21.7685,2021,landsat
madagascar_2021_374,3,20.081339,16.109163,2021,landsat
madagascar_2021_378,3,57.447662,48.824615,2021,landsat
madagascar_2021_381,3,57.088177,42.69378,2021,landsat
madagascar_2021_383,3,21.231054,23.154509,2021,landsat
madagascar_2021_393,3,21.003986,15.492581,2021,landsat
madagascar_2021_395,3,37.35122,20.93983,2021,landsat
madagascar_2021_397,3,16.909286,31.060495,2021,landsat
madagascar_2021_401,3,17.779152,17.6447,2021,landsat
madagascar_2021_402,3,10.455974,20.388012,2021,landsat
madagascar_2021_406,3,18.982496,15.918022,2021,landsat
madagascar_2021_411,3,43.71512,26.744658,2021,landsat
madagascar_2021_413,3,27.422087,22.773726,2021,landsat
madagascar_2021_415,3,25.754927,22.834267,2021,landsat
madagascar_2021_417,3,16.762205,22.677408,2021,landsat
madagascar_2021_418,3,16.822985,28.852594,2021,landsat
madagascar_2021_419,3,16.137936,19.551985,2021,landsat
madagascar_2021_433,3,29.473541,26.460768,2021,landsat
madagascar_2021_443,3,18.733545,26.931747,2021,landsat
madagascar_2021_455,3,16.531054,19.34516,2021,landsat
madagascar_2021_468,3,42.69951,14.587557,2021,landsat
madagascar_2021_469,3,13.211848,22.083185,2021,landsat
madagascar_2021_479,3,18.482569,16.412077,2021,landsat
madagascar_2021_480,3,13.766381,19.648245,2021,landsat
madagascar_2021_482,3,23.004063,19.210882,2021,landsat
madagascar_2021_493,3,21.431929,19.605448,2021,landsat
madagascar_2021_501,3,19.794413,20.70756,2021,landsat
madagascar_2021_506,3,15.797278,24.82042,2021,landsat
madagascar_2021_508,3,13.988886,12.208849,2021,landsat
madagascar_2021_518,3,21.239353,14.6391,2021,landsat
madagascar_2021_523,3,12.823942,12.304919,2021,landsat
madagascar_2021_524,3,17.275671,16.12165,2021,landsat
madagascar_2021_532,3,11.347058,12.998067,2021,landsat
madagascar_2021_539,3,13.684025,13.883903,2021,landsat
madagascar_2021_545,3,14.603285,18.573946,2021,landsat
madagascar_2021_546,3,16.558949,14.215566,2021,landsat
madagascar_2021_548,3,19.431904,20.814417,2021,landsat
madagascar_2021_549,3,15.904843,17.411373,2021,landsat
madagascar_2021_552,3,50.230843,11.667387,2021,landsat
madagascar_2021_558,3,18.229307,12.547775,2021,landsat
madagascar_2021_569,3,47.48545,29.443182,2021,landsat
madagascar_2021_573,3,22.070166,16.710737,2021,landsat
madagascar_2021_574,3,19.879164,24.939749,2021,landsat
madagascar_2021_576,3,19.110458,16.295717,2021,landsat
madagascar_2021_578,3,21.975664,18.222937,2021,landsat
madagascar_2021_579,3,15.660629,39.064987,2021,landsat
madagascar_2021_589,3,15.85604,13.588609,2021,landsat
madagascar_2021_592,3,17.294434,14.78221,2021,landsat
madagascar_2021_593,3,28.872536,21.927977,2021,landsat
madagascar_2021_594,3,19.319422,16.557552,2021,landsat
madagascar_2021_597,3,55.101433,37.333935,2021,landsat
madagascar_2021_599,3,54.995647,40.59877,2021,landsat
madagascar_2021_601,3,45.039684,17.21305,2021,landsat
madagascar_2021_606,3,51.916313,14.548518,2021,landsat
madagascar_2021_613,3,19.17322,17.559914,2021,landsat
madagascar_2021_628,3,25.43918,33.80107,2021,landsat
madagascar_2021_641,3,22.489414,23.88377,2021,landsat
madagascar_2021_645,3,28.087515,17.047373,2021,landsat
madagascar_2021_652,3,29.480415,22.101484,2021,landsat
madagascar_2021_654,3,24.334944,13.200516,2021,landsat
madagascar_2021_656,3,27.580128,15.847783,2021,landsat
madagascar_1997_5,4,39.61719,32.219837,1997,landsat
madagascar_1997_15,4,36.955036,32.013077,1997,landsat
madagascar_1997_32,4,32.65294,33.41978,1997,landsat
madagascar_1997_41,4,61.60155,32.147854,1997,landsat
madagascar_1997_48,4,39.41044,34.59383,1997,landsat
madagascar_1997_56,4,10.8369,20.085808,1997,landsat
madagascar_1997_58,4,18.446043,16.731293,1997,landsat
madagascar_1997_63,4,10.852596,16.846933,1997,landsat
madagascar_1997_68,4,14.221779,17.689285,1997,landsat
madagascar_1997_71,4,15.958004,16.87695,1997,landsat
madagascar_1997_72,4,11.0417595,16.145212,1997,landsat
madagascar_1997_75,4,12.620662,18.424782,1997,landsat
madagascar_1997_82,4,44.138287,21.926754,1997,landsat
madagascar_1997_83,4,10.104776,17.147045,1997,landsat
madagascar_1997_87,4,8.089259,20.163235,1997,landsat
madagascar_1997_91,4,10.373555,15.960451,1997,landsat
madagascar_1997_96,4,11.542344,23.828423,1997,landsat
madagascar_1997_101,4,16.831184,24.480728,1997,landsat
madagascar_1997_106,4,9.29629,17.750164,1997,landsat
madagascar_1997_113,4,9.636807,15.937089,1997,landsat
madagascar_1997_114,4,12.495972,16.90054,1997,landsat
madagascar_1997_115,4,9.85832,18.861423,1997,landsat
madagascar_1997_130,4,10.702961,15.573671,1997,landsat
madagascar_1997_135,4,10.19466,28.892673,1997,landsat
madagascar_1997_138,4,12.990077,25.793993,1997,landsat
madagascar_1997_146,4,11.132162,21.680098,1997,landsat
madagascar_1997_147,4,13.411484,18.525612,1997,landsat
madagascar_1997_148,4,10.609981,15.317868,1997,landsat
madagascar_1997_150,4,12.797919,20.552505,1997,landsat
madagascar_1997_152,4,15.087356,16.566868,1997,landsat
madagascar_1997_153,4,15.281795,17.32735,1997,landsat
madagascar_1997_163,4,42.51442,33.143,1997,landsat
madagascar_1997_165,4,8.761137,17.381918,1997,landsat
madagascar_1997_170,4,19.0755,17.879362,1997,landsat
madagascar_1997_175,4,10.832546,17.588146,1997,landsat
madagascar_1997_177,4,8.515056,17.186407,1997,landsat
madagascar_1997_188,4,12.319026,16.793427,1997,landsat
madagascar_1997_196,4,15.495795,17.816542,1997,landsat
madagascar_1997_200,4,10.258301,18.4534,1997,landsat
madagascar_1997_207,4,12.414701,17.255371,1997,landsat
madagascar_1997_219,4,10.061089,16.5909,1997,landsat
madagascar_1997_224,4,9.627361,25.137215,1997,landsat
madagascar_1997_227,4,12.796139,16.56865,1997,landsat
madagascar_1997_242,4,39.983585,16.640034,1997,landsat
madagascar_1997_248,4,14.953344,44.579914,1997,landsat
madagascar_1997_250,4,12.073809,15.897798,1997,landsat
madagascar_1997_253,4,11.132768,15.412056,1997,landsat
madagascar_1997_256,4,10.834563,18.200758,1997,landsat
madagascar_1997_260,4,12.336886,18.055897,1997,landsat
madagascar_1997_265,4,13.686993,16.513016,1997,landsat
madagascar_1997_266,4,12.053242,16.6656,1997,landsat
madagascar_1997_269,4,17.077106,17.062988,1997,landsat
madagascar_2008_4,4,46.228416,51.10406,2008,landsat
madagascar_2008_25,4,38.91434,53.09466,2008,landsat
madagascar_2008_26,4,29.673565,47.550274,2008,landsat
madagascar_2008_30,4,28.061298,63.149143,2008,landsat
madagascar_2008_41,4,57.04826,58.4947,2008,landsat
madagascar_2008_56,4,48.694576,44.519722,2008,landsat
madagascar_2008_62,4,37.09592,23.760384,2008,landsat
madagascar_2008_71,4,43.135933,39.923847,2008,landsat
madagascar_2009_90,4,16.36163,22.944538,2009,landsat
madagascar_2009_96,4,17.834139,28.542236,2009,landsat
madagascar_2008_106,4,36.480576,25.183292,2008,landsat
madagascar_2008_107,4,14.099386,24.27393,2008,landsat
madagascar_2008_108,4,16.043734,40.68838,2008,landsat
madagascar_2008_115,4,12.119305,21.4193,2008,landsat
madagascar_2009_125,4,24.56108,17.71579,2009,landsat
madagascar_2008_134,4,24.614557,17.181767,2008,landsat
madagascar_2009_152,4,35.646393,22.521273,2009,landsat
madagascar_2009_153,4,54.371284,27.701233,2009,landsat
madagascar_2008_160,4,12.830213,27.659418,2008,landsat
madagascar_2009_164,4,8.052937,19.30681,2009,landsat
madagascar_2009_170,4,26.456522,18.223879,2009,landsat
madagascar_2009_171,4,14.693522,18.6913,2009,landsat
madagascar_2009_180,4,5.736088,19.376137,2009,landsat
madagascar_2009_182,4,53.41151,21.251766,2009,landsat
madagascar_2009_188,4,5.960261,19.555538,2009,landsat
madagascar_2009_194,4,23.856466,20.667791,2009,landsat
madagascar_2009_196,4,17.951674,19.708897,2009,landsat
madagascar_2009_198,4,25.97267,18.702618,2009,landsat
madagascar_2009_208,4,32.605675,39.44659,2009,landsat
madagascar_2009_210,4,18.988924,17.324251,2009,landsat
madagascar_2009_213,4,10.627311,17.584816,2009,landsat
madagascar_2009_220,4,16.635786,16.420395,2009,landsat
madagascar_2008_221,4,10.081311,46.356792,2008,landsat
madagascar_2009_226,4,33.702457,18.69626,2009,landsat
madagascar_2009_233,4,23.511032,20.022182,2009,landsat
madagascar_2009_240,4,29.566914,18.354334,2009,landsat
madagascar_2009_242,4,15.735282,19.994747,2009,landsat
madagascar_2008_249,4,23.024506,29.752003,2008,landsat
madagascar_2009_263,4,20.61859,20.129915,2009,landsat
madagascar_2009_265,4,20.130453,20.393778,2009,landsat
madagascar_2009_267,4,20.202488,23.121046,2009,landsat
madagascar_2009_268,4,17.538565,19.364779,2009,landsat
madagascar_2008_269,4,15.961011,20.38657,2008,landsat
madagascar_2009_281,4,47.22152,42.88858,2009,landsat
madagascar_2009_282,4,44.898964,49.73644,2009,landsat
madagascar_2009_287,4,15.790357,15.278625,2009,landsat
madagascar_2009_290,4,19.289186,17.273182,2009,landsat
madagascar_2009_291,4,15.696659,21.673399,2009,landsat
madagascar_2009_292,4,14.601125,20.765799,2009,landsat
madagascar_2008_294,4,14.513227,26.681389,2008,landsat
madagascar_2008_295,4,17.610962,18.382832,2008,landsat
madagascar_2008_296,4,17.867342,34.40419,2008,landsat
madagascar_2009_297,4,14.183997,38.681614,2009,landsat
madagascar_2008_304,4,17.181454,31.114815,2008,landsat
madagascar_2009_306,4,15.881455,29.277233,2009,landsat
madagascar_2009_309,4,16.506588,16.890602,2009,landsat
madagascar_2009_311,4,14.687556,26.073246,2009,landsat
madagascar_2008_313,4,44.546394,50.336918,2008,landsat
madagascar_2009_314,4,16.729744,33.30485,2009,landsat
madagascar_2009_327,4,22.910889,20.920906,2009,landsat
madagascar_2009_329,4,21.403107,25.845379,2009,landsat
madagascar_2009_331,4,19.17454,57.554737,2009,landsat
madagascar_2009_332,4,35.01284,37.400604,2009,landsat
madagascar_2009_338,4,19.558079,30.726748,2009,landsat
madagascar_2009_345,4,21.106874,20.470753,2009,landsat
madagascar_2009_346,4,20.739506,35.12659,2009,landsat
madagascar_2009_347,4,17.362583,27.761211,2009,landsat
madagascar_2009_348,4,20.307283,35.067657,2009,landsat
madagascar_2008_372,4,41.30452,40.115086,2008,landsat
madagascar_2009_386,4,21.948957,17.026176,2009,landsat
madagascar_2009_390,4,16.204016,26.957489,2009,landsat
madagascar_2009_398,4,19.184147,26.06464,2009,landsat
madagascar_2008_424,4,16.280766,17.384611,2008,landsat
madagascar_2009_438,4,8.514366,17.465828,2009,landsat
madagascar_2009_443,4,10.426111,20.904633,2009,landsat
madagascar_2009_450,4,17.029535,18.778664,2009,landsat
madagascar_2009_453,4,46.628605,29.071762,2009,landsat
madagascar_2009_457,4,27.998796,24.51663,2009,landsat
madagascar_2008_458,4,20.785797,17.071896,2008,landsat
madagascar_2009_465,4,18.679861,19.157696,2009,landsat
madagascar_2009_483,4,17.823967,23.322485,2009,landsat
madagascar_2009_489,4,18.681644,23.324623,2009,landsat
madagascar_2008_502,4,36.813194,34.433315,2008,landsat
madagascar_2009_505,4,17.457811,19.11277,2009,landsat
madagascar_2008_508,4,17.133465,38.18571,2008,landsat
madagascar_2008_514,4,13.10076,19.20047,2008,landsat
madagascar_2009_535,4,10.871641,20.749548,2009,landsat
madagascar_2009_537,4,20.242624,17.73833,2009,landsat
madagascar_2009_541,4,18.03413,16.96786,2009,landsat
madagascar_2009_552,4,17.977537,45.06118,2009,landsat
madagascar_2009_554,4,15.213981,22.122044,2009,landsat
madagascar_2009_560,4,40.847507,41.70159,2009,landsat
madagascar_2009_565,4,15.709194,23.51243,2009,landsat
madagascar_2009_568,4,24.565716,40.20812,2009,landsat
madagascar_2009_584,4,35.701588,31.556438,2009,landsat
madagascar_2011_1,4,41.180195,40.164555,2011,landsat
madagascar_2011_4,4,46.082214,36.464756,2011,landsat
madagascar_2011_5,4,32.907585,19.309584,2011,landsat
madagascar_2011_8,4,32.92662,19.047565,2011,landsat
madagascar_2011_10,4,24.311447,20.303822,2011,landsat
madagascar_2011_15,4,20.13107,29.577045,2011,landsat
madagascar_2011_18,4,52.855274,26.470543,2011,landsat
madagascar_2011_19,4,45.528282,30.926256,2011,landsat
madagascar_2011_20,4,61.257957,21.11356,2011,landsat
madagascar_2011_21,4,46.77598,40.489986,2011,landsat
madagascar_2011_33,4,26.209208,19.517208,2011,landsat
madagascar_2011_34,4,54.718372,18.251041,2011,landsat
madagascar_2011_39,4,16.810469,18.816921,2011,landsat
madagascar_2011_44,4,21.226898,29.03258,2011,landsat
madagascar_2011_59,4,12.313023,17.97919,2011,landsat
madagascar_2011_61,4,49.915115,19.581188,2011,landsat
madagascar_2011_64,4,60.53667,19.22012,2011,landsat
madagascar_2011_65,4,34.552853,34.991528,2011,landsat
madagascar_2011_75,4,18.414034,40.324886,2011,landsat
madagascar_2011_83,4,14.591302,21.514523,2011,landsat
madagascar_2011_88,4,21.091372,17.990454,2011,landsat
madagascar_2011_93,4,74.26154,52.242744,2011,landsat
madagascar_2011_95,4,51.294975,27.893051,2011,landsat
madagascar_2011_101,4,31.233736,17.665976,2011,landsat
madagascar_2011_102,4,42.550873,45.478817,2011,landsat
madagascar_2011_108,4,32.172,54.44469,2011,landsat
madagascar_2011_118,4,15.168406,17.72108,2011,landsat
madagascar_2011_122,4,22.698416,41.43778,2011,landsat
madagascar_2011_124,4,53.795376,36.253803,2011,landsat
madagascar_2011_129,4,56.353535,60.31093,2011,landsat
madagascar_2011_133,4,39.966763,27.847446,2011,landsat
madagascar_2011_135,4,12.250728,42.723473,2011,landsat
madagascar_2011_141,4,39.103535,18.939283,2011,landsat
madagascar_2011_144,4,17.790089,24.072039,2011,landsat
madagascar_2011_156,4,35.659206,46.085415,2011,landsat
madagascar_2011_172,4,7.405563,27.691229,2011,landsat
madagascar_2011_178,4,12.120276,21.804853,2011,landsat
madagascar_2011_179,4,6.373374,17.072773,2011,landsat
madagascar_2011_180,4,11.268955,20.710077,2011,landsat
madagascar_2011_194,4,10.510695,22.847103,2011,landsat
madagascar_2011_196,4,5.3366523,18.059956,2011,landsat
madagascar_2011_197,4,14.365795,20.094206,2011,landsat
madagascar_2011_198,4,9.815207,19.180014,2011,landsat
madagascar_2011_208,4,17.361727,16.091652,2011,landsat
madagascar_2011_210,4,11.84755,18.807072,2011,landsat
madagascar_2011_218,4,9.981762,17.910444,2011,landsat
madagascar_2011_228,4,41.12583,16.204819,2011,landsat
madagascar_2011_232,4,13.346245,21.792913,2011,landsat
madagascar_2011_233,4,15.289976,20.117153,2011,landsat
madagascar_2011_246,4,12.068872,21.116158,2011,landsat
madagascar_2011_251,4,34.521645,57.359764,2011,landsat
madagascar_2011_263,4,17.669016,17.824038,2011,landsat
madagascar_2011_264,4,36.333817,16.85371,2011,landsat
madagascar_2013_2,4,52.204082,29.362514,2013,landsat
madagascar_2013_3,4,55.25343,25.73105,2013,landsat
madagascar_2013_4,4,39.6972,34.42439,2013,landsat
madagascar_2013_10,4,33.936848,38.405857,2013,landsat
madagascar_2013_26,4,46.520126,19.417612,2013,landsat
madagascar_2013_28,4,20.358982,18.591383,2013,landsat
madagascar_2013_37,4,40.827126,17.984688,2013,landsat
madagascar_2013_40,4,21.003086,20.831518,2013,landsat
madagascar_2013_41,4,17.845919,19.611664,2013,landsat
madagascar_2013_46,4,18.293499,18.24319,2013,landsat
madagascar_2013_47,4,16.969276,20.44553,2013,landsat
madagascar_2013_51,4,23.891752,22.403038,2013,landsat
madagascar_2013_58,4,12.291423,29.078762,2013,landsat
madagascar_2013_64,4,15.539242,25.425465,2013,landsat
madagascar_2013_66,4,20.1684,20.897074,2013,landsat
madagascar_2013_69,4,42.400265,19.674526,2013,landsat
madagascar_2013_70,4,40.14694,19.509644,2013,landsat
madagascar_2013_72,4,28.462046,18.609238,2013,landsat
madagascar_2013_86,4,19.217493,23.229862,2013,landsat
madagascar_2013_89,4,17.714573,25.057625,2013,landsat
madagascar_2013_91,4,14.006873,15.858189,2013,landsat
madagascar_2013_97,4,12.707526,15.510032,2013,landsat
madagascar_2013_104,4,44.59882,54.48217,2013,landsat
madagascar_2013_107,4,52.71295,53.557568,2013,landsat
madagascar_2013_112,4,18.09021,17.189316,2013,landsat
madagascar_2013_130,4,40.82038,35.694405,2013,landsat
madagascar_2013_145,4,48.998657,33.648373,2013,landsat
madagascar_2013_146,4,44.13027,37.18409,2013,landsat
madagascar_2013_150,4,10.058973,19.22907,2013,landsat
madagascar_2013_152,4,45.272106,16.841269,2013,landsat
madagascar_2013_153,4,11.807577,19.36154,2013,landsat
madagascar_2013_160,4,36.480648,17.88805,2013,landsat
madagascar_2013_164,4,53.32199,20.31106,2013,landsat
madagascar_2013_170,4,11.859763,18.072914,2013,landsat
madagascar_2013_171,4,47.651062,44.52987,2013,landsat
madagascar_2013_173,4,41.059315,44.237392,2013,landsat
madagascar_2013_179,4,10.8895855,20.924881,2013,landsat
madagascar_2013_181,4,26.229393,18.19502,2013,landsat
madagascar_2013_184,4,11.275298,17.518417,2013,landsat
madagascar_2013_191,4,10.557653,17.227085,2013,landsat
madagascar_2013_198,4,13.1686125,20.648964,2013,landsat
madagascar_2013_200,4,9.726234,18.414795,2013,landsat
madagascar_2013_209,4,14.347007,21.962662,2013,landsat
madagascar_2013_214,4,10.0387125,22.677626,2013,landsat
madagascar_2013_216,4,15.727191,20.077843,2013,landsat
madagascar_2013_223,4,11.32916,20.170328,2013,landsat
madagascar_2013_226,4,14.247615,18.843117,2013,landsat
madagascar_2013_233,4,16.383005,17.55286,2013,landsat
madagascar_2013_241,4,9.2298155,15.875049,2013,landsat
madagascar_2013_243,4,19.945862,18.94459,2013,landsat
madagascar_2013_246,4,11.377281,19.35904,2013,landsat
madagascar_2013_248,4,10.763366,18.413149,2013,landsat
madagascar_2013_267,4,49.042587,20.331854,2013,landsat
madagascar_2013_269,4,14.72647,18.664219,2013,landsat
madagascar_2013_272,4,16.744688,28.606998,2013,landsat
madagascar_2013_284,4,13.942818,16.092903,2013,landsat
madagascar_2016_5,4,45.606155,32.33836,2016,landsat
madagascar_2016_15,4,55.670803,23.835342,2016,landsat
madagascar_2016_18,4,12.672187,19.353619,2016,landsat
madagascar_2016_19,4,10.212042,19.209135,2016,landsat
madagascar_2016_25,4,11.180489,18.927109,2016,landsat
madagascar_2016_26,4,40.873608,18.736801,2016,landsat
madagascar_2016_27,4,14.586849,20.746052,2016,landsat
madagascar_2016_33,4,40.12904,20.412289,2016,landsat
madagascar_2016_35,4,34.135315,33.905205,2016,landsat
madagascar_2016_36,4,26.05395,24.342686,2016,landsat
madagascar_2016_38,4,19.097591,33.505436,2016,landsat
madagascar_2016_51,4,28.7569,18.76615,2016,landsat
madagascar_2016_55,4,19.419006,19.458279,2016,landsat
madagascar_2016_56,4,18.2707,17.17366,2016,landsat
madagascar_2016_59,4,18.174948,18.469366,2016,landsat
madagascar_2016_61,4,10.472388,19.071936,2016,landsat
madagascar_2016_67,4,9.175297,18.235233,2016,landsat
madagascar_2016_68,4,12.177533,16.37058,2016,landsat
madagascar_2016_70,4,16.738024,17.246172,2016,landsat
madagascar_2016_73,4,4.315187,19.169447,2016,landsat
madagascar_2016_82,4,5.700535,17.3491,2016,landsat
madagascar_2016_90,4,9.938988,21.493038,2016,landsat
madagascar_2016_94,4,17.936201,31.312054,2016,landsat
madagascar_2016_95,4,15.762831,23.364138,2016,landsat
madagascar_2016_100,4,42.716698,36.50082,2016,landsat
madagascar_2016_102,4,10.592512,21.368921,2016,landsat
madagascar_2016_105,4,20.50045,21.930283,2016,landsat
madagascar_2016_106,4,12.502237,18.176313,2016,landsat
madagascar_2016_112,4,14.662841,17.982391,2016,landsat
madagascar_2016_115,4,44.70035,22.956411,2016,landsat
madagascar_2016_119,4,6.7946563,20.81485,2016,landsat
madagascar_2016_131,4,38.224316,25.601412,2016,landsat
madagascar_2016_132,4,33.780083,31.320536,2016,landsat
madagascar_2016_138,4,30.516062,17.208498,2016,landsat
madagascar_2016_145,4,14.210899,19.049103,2016,landsat
madagascar_2016_146,4,15.543998,18.495363,2016,landsat
madagascar_2016_153,4,15.337197,19.706944,2016,landsat
madagascar_2016_162,4,14.709803,16.66177,2016,landsat
madagascar_2016_165,4,12.166587,18.344948,2016,landsat
madagascar_2016_166,4,49.199085,32.35276,2016,landsat
madagascar_2016_168,4,21.290268,19.459753,2016,landsat
madagascar_2016_174,4,31.788097,17.327543,2016,landsat
madagascar_2016_183,4,16.42107,17.218685,2016,landsat
madagascar_2016_189,4,15.313607,17.764996,2016,landsat
madagascar_2016_191,4,14.844535,23.742783,2016,landsat
madagascar_2016_195,4,22.089283,18.15244,2016,landsat
madagascar_2016_198,4,46.331406,45.016865,2016,landsat
madagascar_2016_210,4,61.97685,42.692844,2016,landsat
madagascar_2016_215,4,10.2675705,20.771557,2016,landsat
madagascar_2016_221,4,21.32341,19.280607,2016,landsat
madagascar_2016_223,4,23.06804,18.794666,2016,landsat
madagascar_2016_233,4,10.348766,20.157776,2016,landsat
madagascar_2016_235,4,12.257644,30.637619,2016,landsat
madagascar_2016_238,4,8.419988,18.371925,2016,landsat
madagascar_2016_239,4,7.2501574,18.072964,2016,landsat
madagascar_2016_245,4,29.083673,16.947998,2016,landsat
madagascar_2016_250,4,12.424272,18.262817,2016,landsat
madagascar_2016_251,4,14.449932,18.977104,2016,landsat
madagascar_2016_254,4,16.254494,21.66142,2016,landsat
madagascar_2016_261,4,9.088233,16.469883,2016,landsat
madagascar_2016_262,4,27.243715,19.990353,2016,landsat
madagascar_2016_271,4,17.748606,21.45479,2016,landsat
madagascar_2016_282,4,6.7610936,18.441347,2016,landsat
madagascar_2016_284,4,8.079111,18.275148,2016,landsat
madagascar_2016_286,4,9.301873,18.362892,2016,landsat
madagascar_2016_287,4,6.5560894,20.186361,2016,landsat
madagascar_2016_293,4,9.40766,17.747406,2016,landsat
madagascar_2016_298,4,29.477278,17.207172,2016,landsat
madagascar_2016_306,4,7.398364,16.735952,2016,landsat
madagascar_2016_310,4,10.210893,19.674072,2016,landsat
madagascar_2016_312,4,41.95399,44.406433,2016,landsat
madagascar_2016_316,4,14.009251,22.390495,2016,landsat
madagascar_2016_317,4,15.786088,39.350132,2016,landsat
madagascar_2016_320,4,10.746301,19.807253,2016,landsat
madagascar_2016_321,4,12.19975,21.628784,2016,landsat
madagascar_2016_322,4,40.223324,19.825642,2016,landsat
madagascar_2016_325,4,17.419786,20.822407,2016,landsat
madagascar_2016_342,4,12.711509,17.426888,2016,landsat
madagascar_2016_347,4,61.87953,44.399494,2016,landsat
madagascar_2016_348,4,45.064728,24.21059,2016,landsat
madagascar_2016_353,4,15.124048,17.96744,2016,landsat
madagascar_2016_359,4,15.042987,37.389187,2016,landsat
madagascar_2016_361,4,22.327068,23.595928,2016,landsat
madagascar_2016_369,4,26.89642,17.208849,2016,landsat
madagascar_2016_373,4,16.050594,16.7281,2016,landsat
madagascar_2016_375,4,17.962347,17.466015,2016,landsat
madagascar_2021_1,4,37.80219,55.504063,2021,landsat
madagascar_2021_5,4,55.382263,56.397167,2021,landsat
madagascar_2021_8,4,50.942486,40.04523,2021,landsat
madagascar_2021_13,4,60.292324,42.464375,2021,landsat
madagascar_2021_14,4,75.92344,57.188034,2021,landsat
madagascar_2021_18,4,66.83934,42.702454,2021,landsat
madagascar_2021_23,4,42.196022,39.871906,2021,landsat
madagascar_2021_32,4,45.770355,56.00725,2021,landsat
madagascar_2021_35,4,64.753265,38.09206,2021,landsat
madagascar_2021_46,4,58.076134,57.12856,2021,landsat
madagascar_2021_58,4,34.58534,20.830757,2021,landsat
madagascar_2021_60,4,31.876245,24.312088,2021,landsat
madagascar_2021_64,4,38.13401,42.21059,2021,landsat
madagascar_2021_67,4,59.341908,36.15202,2021,landsat
madagascar_2021_71,4,44.909584,33.94871,2021,landsat
madagascar_2021_80,4,54.186714,26.431019,2021,landsat
madagascar_2021_81,4,61.27708,38.169483,2021,landsat
madagascar_2021_89,4,20.862953,21.404884,2021,landsat
madagascar_2021_91,4,16.236965,18.599272,2021,landsat
madagascar_2021_99,4,18.975502,18.641857,2021,landsat
madagascar_2021_100,4,24.383577,29.262297,2021,landsat
madagascar_2021_103,4,19.856915,35.65867,2021,landsat
madagascar_2021_106,4,37.77622,22.006388,2021,landsat
madagascar_2021_108,4,31.954998,46.661907,2021,landsat
madagascar_2021_116,4,24.376152,18.137411,2021,landsat
madagascar_2021_137,4,29.142492,19.139843,2021,landsat
madagascar_2021_140,4,26.350014,20.05252,2021,landsat
madagascar_2021_148,4,32.199795,21.047844,2021,landsat
madagascar_2021_151,4,25.01857,18.69386,2021,landsat
madagascar_2021_152,4,22.492083,18.618507,2021,landsat
madagascar_2021_164,4,36.090668,39.02752,2021,landsat
madagascar_2021_165,4,21.519884,37.5816,2021,landsat
madagascar_2021_166,4,14.901833,43.26238,2021,landsat
madagascar_2021_170,4,23.125448,28.953318,2021,landsat
madagascar_2021_176,4,42.364048,41.424446,2021,landsat
madagascar_2021_183,4,23.215364,20.0545,2021,landsat
madagascar_2021_187,4,60.166336,38.330925,2021,landsat
madagascar_2021_192,4,21.665983,36.01017,2021,landsat
madagascar_2021_193,4,27.437948,39.39433,2021,landsat
madagascar_2021_196,4,15.959071,17.751295,2021,landsat
madagascar_2021_200,4,25.79195,18.313576,2021,landsat
madagascar_2021_201,4,23.90505,35.6277,2021,landsat
madagascar_2021_202,4,18.741703,35.671047,2021,landsat
madagascar_2021_207,4,13.992549,28.23957,2021,landsat
madagascar_2021_218,4,20.928675,17.14691,2021,landsat
madagascar_2021_220,4,20.476732,17.352205,2021,landsat
madagascar_2021_221,4,43.602783,22.224558,2021,landsat
madagascar_2021_227,4,17.79639,28.314247,2021,landsat
madagascar_2021_229,4,14.305432,16.425373,2021,landsat
madagascar_2021_230,4,15.663428,18.127714,2021,landsat
madagascar_2021_242,4,46.835262,19.483347,2021,landsat
madagascar_2021_245,4,21.874657,18.08242,2021,landsat
madagascar_2021_248,4,22.523706,24.681911,2021,landsat
madagascar_2021_253,4,19.03813,16.695522,2021,landsat
madagascar_2021_265,4,12.998569,18.591782,2021,landsat
madagascar_2021_270,4,37.7868,15.919778,2021,landsat
madagascar_2021_271,4,17.198359,16.545784,2021,landsat
madagascar_2021_280,4,10.589171,17.830153,2021,landsat
madagascar_2021_282,4,12.273475,17.170654,2021,landsat
madagascar_2021_285,4,19.397104,17.358847,2021,landsat
madagascar_2021_288,4,12.728498,16.722397,2021,landsat
madagascar_2021_296,4,61.96685,50.67588,2021,landsat
madagascar_2021_299,4,68.0049,70.03756,2021,landsat
madagascar_2021_301,4,27.033575,22.978918,2021,landsat
madagascar_2021_304,4,37.422848,18.798,2021,landsat
madagascar_2021_311,4,15.08271,15.483053,2021,landsat
madagascar_2021_316,4,12.162855,20.607477,2021,landsat
madagascar_2021_320,4,50.589798,31.59682,2021,landsat
madagascar_2021_338,4,25.479218,50.512012,2021,landsat
madagascar_2021_344,4,19.887093,19.797018,2021,landsat
madagascar_2021_350,4,41.451935,20.413437,2021,landsat
madagascar_2021_351,4,34.066936,17.370018,2021,landsat
madagascar_2021_352,4,22.470314,18.745468,2021,landsat
madagascar_2021_357,4,20.830956,21.501814,2021,landsat
madagascar_2021_363,4,31.176336,19.06202,2021,landsat
madagascar_2021_366,4,44.174793,23.193161,2021,landsat
madagascar_2021_367,4,22.28895,19.158056,2021,landsat
madagascar_2021_373,4,19.818598,18.435017,2021,landsat
madagascar_2021_377,4,42.321125,46.96748,2021,landsat
madagascar_2021_379,4,47.879112,39.343616,2021,landsat
madagascar_2021_380,4,66.39373,47.260746,2021,landsat
madagascar_2021_384,4,21.167816,19.915726,2021,landsat
madagascar_2021_386,4,23.281612,35.786274,2021,landsat
madagascar_2021_389,4,17.372997,18.828632,2021,landsat
madagascar_2021_391,4,23.735994,23.607307,2021,landsat
madagascar_2021_409,4,28.863657,17.094189,2021,landsat
madagascar_2021_414,4,20.301018,21.268368,2021,landsat
madagascar_2021_428,4,19.037188,19.130886,2021,landsat
madagascar_2021_431,4,39.672985,18.68663,2021,landsat
madagascar_2021_437,4,20.993881,28.593346,2021,landsat
madagascar_2021_445,4,28.015245,17.445679,2021,landsat
madagascar_2021_449,4,18.941015,20.647387,2021,landsat
madagascar_2021_454,4,21.336601,19.49013,2021,landsat
madagascar_2021_458,4,46.712322,23.67542,2021,landsat
madagascar_2021_461,4,18.810017,27.374035,2021,landsat
madagascar_2021_474,4,42.96495,18.174545,2021,landsat
madagascar_2021_477,4,43.311626,19.499123,2021,landsat
madagascar_2021_486,4,60.13013,48.36037,2021,landsat
madagascar_2021_495,4,32.47267,19.146557,2021,landsat
madagascar_2021_497,4,26.834497,30.912207,2021,landsat
madagascar_2021_499,4,20.149424,32.093586,2021,landsat
madagascar_2021_512,4,13.890661,18.066597,2021,landsat
madagascar_2021_514,4,26.439854,19.54785,2021,landsat
madagascar_2021_520,4,15.63545,23.103651,2021,landsat
madagascar_2021_525,4,13.137245,16.53759,2021,landsat
madagascar_2021_529,4,22.479408,16.40958,2021,landsat
madagascar_2021_533,4,15.111962,22.895287,2021,landsat
madagascar_2021_534,4,13.26189,19.976284,2021,landsat
madagascar_2021_538,4,12.315432,17.024393,2021,landsat
madagascar_2021_540,4,24.89621,28.772264,2021,landsat
madagascar_2021_541,4,42.545876,31.584045,2021,landsat
madagascar_2021_543,4,12.358186,17.92351,2021,landsat
madagascar_2021_562,4,10.075385,17.688915,2021,landsat
madagascar_2021_565,4,11.535758,17.622639,2021,landsat
madagascar_2021_567,4,20.057203,25.618866,2021,landsat
madagascar_2021_584,4,17.004679,18.29118,2021,landsat
madagascar_2021_600,4,22.27052,41.84598,2021,landsat
madagascar_2021_610,4,21.16303,18.145496,2021,landsat
madagascar_2021_611,4,26.02888,21.59582,2021,landsat
madagascar_2021_612,4,19.326635,21.056131,2021,landsat
madagascar_2021_614,4,42.165318,23.667664,2021,landsat
madagascar_2021_615,4,43.699627,24.315327,2021,landsat
madagascar_2021_616,4,43.734917,34.5271,2021,landsat
madagascar_2021_618,4,34.256123,18.276554,2021,landsat
madagascar_2021_622,4,20.659086,21.76956,2021,landsat
madagascar_2021_627,4,38.915054,19.308277,2021,landsat
madagascar_2021_631,4,36.837246,32.50398,2021,landsat
madagascar_2021_634,4,37.22107,19.64595,2021,landsat
madagascar_2021_635,4,33.74754,23.376667,2021,landsat
madagascar_2021_649,4,30.57341,18.275906,2021,landsat
madagascar_2021_651,4,48.004864,24.8361,2021,landsat
